const,Year_2017.0,Year_2018.0,Year_2019.0,Year_2020.0,Year_2021.0,Year_2022.0,Insurance Coverage Rate,Total (Households),Under 5 years,5 to 9 years,10 to 14 years,15 to 19 years,20 to 24 years,25 to 34 years,35 to 44 years,45 to 54 years,55 to 59 years,60 to 64 years,65 to 74 years,75 to 84 years,85 years and over,"Less than $10,000","$10,000 to $14,999","$15,000 to $24,999","$25,000 to $34,999","$35,000 to $49,999","$50,000 to $74,999","$75,000 to $99,999","$100,000 to $149,999","$150,000 to $199,999","$200,000 or more"
1.0,1,0,0,0,0,0,0.8200767050191763,23988.0,5.1,5.1,7.0,6.7,6.0,12.5,12.0,13.9,7.2,6.7,10.1,5.1,2.5,2.4,3.6,6.1,6.1,10.5,16.1,13.2,19.2,10.4,12.5
1.0,0,1,0,0,0,0,0.8110855073656489,24302.0,4.9,5.6,6.9,6.5,5.8,12.3,12.4,13.6,7.1,6.8,10.3,5.3,2.6,2.8,2.6,6.1,6.4,9.7,15.0,13.0,20.0,10.6,13.9
1.0,0,0,1,0,0,0,0.8231483029593714,23924.0,4.8,5.5,6.8,6.5,5.7,12.2,12.1,13.6,7.4,6.4,10.9,5.6,2.4,2.9,2.7,4.8,5.7,8.8,14.4,14.0,19.5,11.5,15.7
1.0,0,0,0,1,0,0,0.8199941732217921,24027.0,4.3,5.2,7.0,6.5,5.6,11.9,11.9,13.4,7.5,6.6,11.5,6.2,2.4,3.1,2.4,5.6,6.3,8.6,12.5,12.4,19.5,12.3,17.4
1.0,0,0,0,1,0,0,0.812960419528031,24027.0,4.3,5.2,7.0,6.5,5.6,11.9,11.9,13.4,7.5,6.6,11.5,6.2,2.4,3.1,2.4,5.6,6.3,8.6,12.5,12.4,19.5,12.3,17.4
1.0,0,0,0,0,1,0,0.8203572912339011,24070.0,4.5,5.0,6.8,6.1,5.3,12.1,12.1,13.3,7.6,6.6,11.8,6.3,2.5,3.6,2.1,4.2,6.4,7.7,11.5,13.5,19.6,13.2,18.2
1.0,0,0,0,0,1,0,0.8124221022019111,24070.0,4.5,5.0,6.8,6.1,5.3,12.1,12.1,13.3,7.6,6.6,11.8,6.3,2.5,3.6,2.1,4.2,6.4,7.7,11.5,13.5,19.6,13.2,18.2
1.0,0,0,0,0,0,1,0.7890157918608007,24253.0,4.2,4.6,6.9,6.0,5.6,11.5,12.3,13.1,7.8,6.8,11.8,6.7,2.9,4.1,2.1,3.9,5.2,7.0,12.1,11.2,20.3,13.2,20.9
1.0,1,0,0,0,0,0,0.8071622846781505,22060.0,5.4,6.6,6.0,5.9,7.3,15.1,12.5,14.4,7.0,6.1,7.8,4.0,1.9,3.6,3.8,6.1,6.1,11.9,16.7,15.7,20.5,9.2,6.2
1.0,0,1,0,0,0,0,0.7995006464844621,22429.0,5.2,6.5,5.9,5.8,6.8,16.0,12.8,14.0,6.7,6.1,8.1,4.2,1.9,3.6,3.4,6.1,5.8,10.6,16.3,15.7,21.3,9.5,7.6
1.0,0,0,1,0,0,0,0.8164716471647164,22220.0,5.3,6.8,6.0,5.6,6.5,15.9,13.0,13.6,6.6,6.2,8.5,4.1,2.0,3.7,2.6,5.3,5.8,9.4,16.0,15.0,22.4,10.7,9.0
1.0,0,0,0,1,0,0,0.8356689046095616,22193.0,5.5,6.4,5.5,5.3,6.1,16.9,13.0,13.6,6.4,6.4,8.8,4.4,1.8,3.5,2.3,3.7,5.1,8.3,15.8,15.4,22.6,12.6,10.7
1.0,0,0,0,1,0,0,0.835623845356644,22193.0,5.5,6.4,5.5,5.3,6.1,16.9,13.0,13.6,6.4,6.4,8.8,4.4,1.8,3.5,2.3,3.7,5.1,8.3,15.8,15.4,22.6,12.6,10.7
1.0,0,0,0,0,1,0,0.8439172315376382,22424.0,5.5,5.9,5.2,5.3,6.0,17.4,13.5,12.8,6.5,6.7,9.2,4.3,1.6,3.2,1.9,3.5,4.5,8.1,16.0,16.4,22.0,13.4,11.1
1.0,0,0,0,0,1,0,0.8427131644666429,22424.0,5.5,5.9,5.2,5.3,6.0,17.4,13.5,12.8,6.5,6.7,9.2,4.3,1.6,3.2,1.9,3.5,4.5,8.1,16.0,16.4,22.0,13.4,11.1
1.0,0,0,0,0,0,1,0.8338503811380961,22564.0,5.7,6.3,5.1,5.8,5.6,18.0,13.9,11.4,6.3,7.1,9.2,4.1,1.6,2.4,1.7,2.8,3.9,7.0,13.3,16.2,23.4,13.7,15.6
1.0,1,0,0,0,0,0,0.7665926368839157,23414.0,6.5,8.0,7.0,6.9,7.7,15.5,12.6,13.2,5.7,5.1,6.6,3.9,1.3,5.5,4.2,8.0,9.0,13.0,17.9,14.4,17.2,6.3,4.4
1.0,0,1,0,0,0,0,0.7441655842795492,23867.0,7.1,7.4,6.8,6.9,7.2,16.1,12.5,13.4,5.5,5.3,6.7,3.6,1.5,4.6,3.6,7.8,7.5,12.6,18.0,14.4,18.7,7.2,5.6
1.0,0,0,1,0,0,0,0.7541392794741659,24038.0,7.4,7.0,6.7,6.9,7.1,16.8,12.3,13.1,5.6,5.4,6.5,3.6,1.6,4.5,3.0,5.9,7.3,12.8,17.6,15.0,19.3,8.0,6.7
1.0,0,0,0,1,0,0,0.7510247581570749,24396.0,7.6,6.2,7.4,6.5,7.1,17.0,12.2,12.5,5.7,5.2,7.2,3.5,1.9,4.2,2.6,6.6,7.1,11.4,17.7,16.3,19.9,7.3,6.9
1.0,0,0,0,1,0,0,0.7518855550090179,24396.0,7.6,6.2,7.4,6.5,7.1,17.0,12.2,12.5,5.7,5.2,7.2,3.5,1.9,4.2,2.6,6.6,7.1,11.4,17.7,16.3,19.9,7.3,6.9
1.0,0,0,0,0,1,0,0.7644908187158526,24343.0,7.3,6.1,7.6,6.5,7.2,17.2,12.3,12.4,5.8,5.3,7.1,3.4,1.7,4.4,2.3,5.6,7.1,10.5,17.4,14.5,22.5,7.1,8.6
1.0,0,0,0,0,1,0,0.7644497391447234,24343.0,7.3,6.1,7.6,6.5,7.2,17.2,12.3,12.4,5.8,5.3,7.1,3.4,1.7,4.4,2.3,5.6,7.1,10.5,17.4,14.5,22.5,7.1,8.6
1.0,0,0,0,0,0,1,0.752919708029197,24660.0,6.9,6.0,7.0,6.7,7.0,16.8,12.4,12.7,5.8,5.3,7.5,3.8,2.0,4.9,2.4,4.2,7.9,9.0,16.2,14.3,21.9,8.5,10.8
1.0,1,0,0,0,0,0,0.9747450980392157,12750.0,5.4,6.4,6.1,6.3,5.7,11.5,12.9,15.7,7.3,7.7,9.4,3.5,2.1,2.4,1.5,3.7,2.8,7.3,15.6,13.6,24.5,13.7,14.8
1.0,0,1,0,0,0,0,0.9905231527852685,12979.0,6.0,6.4,5.9,5.6,5.8,11.4,13.0,15.1,7.4,8.1,9.3,3.7,2.1,2.3,1.7,3.0,2.7,6.7,13.5,13.6,23.5,14.4,18.5
1.0,0,0,1,0,0,0,0.9903031228525616,13097.0,5.6,6.1,7.0,5.8,4.7,12.2,14.1,13.2,7.9,7.7,10.0,3.5,2.2,2.8,1.4,2.8,3.8,5.9,12.2,12.5,25.1,14.3,19.2
1.0,0,0,0,1,0,0,0.9942077585549882,13121.0,5.7,5.5,6.6,5.8,4.9,12.3,14.3,14.1,6.8,7.2,10.7,4.2,1.9,1.7,1.1,2.9,3.7,5.5,14.1,12.3,25.2,14.3,19.2
1.0,0,0,0,1,0,0,0.9935980489291975,13121.0,5.7,5.5,6.6,5.8,4.9,12.3,14.3,14.1,6.8,7.2,10.7,4.2,1.9,1.7,1.1,2.9,3.7,5.5,14.1,12.3,25.2,14.3,19.2
1.0,0,0,0,0,1,0,0.9983417502072812,13267.0,6.4,5.6,7.0,5.8,4.8,10.7,15.9,13.0,6.4,7.4,10.6,4.7,1.5,1.8,0.7,2.3,4.1,5.6,10.6,10.2,27.3,14.0,23.3
1.0,0,0,0,0,1,0,0.9963820004522499,13267.0,6.4,5.6,7.0,5.8,4.8,10.7,15.9,13.0,6.4,7.4,10.6,4.7,1.5,1.8,0.7,2.3,4.1,5.6,10.6,10.2,27.3,14.0,23.3
1.0,0,0,0,0,0,1,0.9597018230127685,13549.0,6.3,6.2,6.9,6.3,5.6,10.7,15.2,12.9,6.5,6.0,10.5,5.2,1.9,2.7,0.3,1.9,3.4,4.7,8.6,12.0,22.6,17.0,26.7
1.0,1,0,0,0,0,0,0.8988643339472069,13032.0,6.1,5.6,7.7,6.4,6.3,13.2,12.2,15.0,7.2,5.9,8.8,3.7,1.8,3.5,2.5,5.0,5.9,11.4,18.3,12.8,18.4,11.5,10.7
1.0,0,1,0,0,0,0,0.882424059241348,13234.0,5.7,6.0,8.4,6.2,6.3,13.3,11.8,13.9,7.7,6.2,9.3,3.5,1.8,3.5,2.5,4.3,6.8,10.8,15.8,12.4,18.7,12.9,12.3
1.0,0,0,1,0,0,0,0.894414632302925,13231.0,6.2,5.8,7.4,5.7,6.3,13.7,12.1,14.0,7.5,6.2,9.5,3.7,1.7,3.0,2.5,3.7,6.1,9.3,14.6,13.6,20.5,13.3,13.3
1.0,0,0,0,1,0,0,0.8743340874261111,13703.0,6.2,7.2,6.2,5.5,6.4,12.6,12.2,13.4,8.1,5.8,10.3,4.3,1.9,2.7,2.2,2.7,5.8,8.3,15.1,13.9,19.2,13.2,16.8
1.0,0,0,0,1,0,0,0.8742611107056849,13703.0,6.2,7.2,6.2,5.5,6.4,12.6,12.2,13.4,8.1,5.8,10.3,4.3,1.9,2.7,2.2,2.7,5.8,8.3,15.1,13.9,19.2,13.2,16.8
1.0,0,0,0,0,1,0,0.8674958659860522,13909.0,6.2,7.6,6.5,5.8,7.1,11.6,12.9,12.6,8.1,6.0,9.9,4.0,1.7,2.4,2.7,2.9,4.5,8.3,13.4,11.8,20.2,13.6,20.3
1.0,0,0,0,0,1,0,0.8667050111438637,13909.0,6.2,7.6,6.5,5.8,7.1,11.6,12.9,12.6,8.1,6.0,9.9,4.0,1.7,2.4,2.7,2.9,4.5,8.3,13.4,11.8,20.2,13.6,20.3
1.0,0,0,0,0,0,1,0.8482365514784468,14035.0,5.9,7.6,6.9,6.1,7.4,10.8,13.6,11.3,7.9,6.2,9.9,4.7,1.9,3.2,2.8,2.4,4.0,6.5,11.6,11.3,20.4,14.6,23.0
1.0,1,0,0,0,0,0,0.7759383473669188,7007.0,3.9,4.5,5.1,5.0,6.3,11.1,10.4,13.5,7.7,9.6,14.6,5.6,2.6,3.4,3.0,8.2,7.0,9.5,16.6,12.3,17.2,9.2,13.5
1.0,0,1,0,0,0,0,0.795009429856376,6893.0,3.7,4.4,5.6,4.9,5.1,11.1,9.0,14.4,7.3,10.2,15.3,6.8,2.4,2.9,2.5,5.3,7.2,9.3,15.7,12.8,16.5,11.2,16.6
1.0,0,0,1,0,0,0,0.8065322936589672,6797.0,4.2,3.4,4.5,5.5,4.5,10.4,10.9,14.2,8.4,9.4,16.2,6.5,2.0,3.6,2.1,5.2,7.6,7.4,14.2,13.2,17.4,11.2,17.9
1.0,0,0,0,1,0,0,0.8047543122191622,6899.0,5.8,4.2,4.6,3.6,4.2,11.1,13.4,12.6,6.8,7.9,17.4,6.1,2.3,4.3,3.2,4.0,5.4,6.5,16.2,14.3,18.2,9.8,18.1
1.0,0,0,0,1,0,0,0.7804029569502826,6899.0,5.8,4.2,4.6,3.6,4.2,11.1,13.4,12.6,6.8,7.9,17.4,6.1,2.3,4.3,3.2,4.0,5.4,6.5,16.2,14.3,18.2,9.8,18.1
1.0,0,0,0,0,1,0,0.8428019036287924,6724.0,5.4,3.9,4.5,4.2,3.9,10.2,13.8,11.8,6.0,8.9,18.2,6.9,2.3,3.9,2.6,4.0,5.9,6.8,14.1,12.6,17.0,12.7,20.4
1.0,0,0,0,0,1,0,0.820493753718025,6724.0,5.4,3.9,4.5,4.2,3.9,10.2,13.8,11.8,6.0,8.9,18.2,6.9,2.3,3.9,2.6,4.0,5.9,6.8,14.1,12.6,17.0,12.7,20.4
1.0,0,0,0,0,0,1,0.7793927183767448,6949.0,4.9,3.3,4.1,5.5,4.2,11.2,12.2,12.4,6.4,8.5,17.9,7.4,2.0,4.5,1.6,5.0,6.2,6.6,14.6,11.2,15.3,12.9,22.0
1.0,1,0,0,0,0,0,0.7443958447238929,3658.0,4.5,5.1,5.1,4.3,4.5,8.3,10.8,12.2,7.5,8.3,15.8,8.1,5.5,4.6,6.1,4.4,9.7,8.9,12.5,12.5,16.2,9.2,15.8
1.0,0,1,0,0,0,0,0.7639734366353071,3614.0,4.7,5.5,4.3,4.6,4.9,9.9,10.1,12.8,7.1,8.0,16.6,8.9,2.6,3.7,4.8,6.1,9.1,8.7,11.4,12.7,17.9,6.9,18.8
1.0,0,0,1,0,0,0,0.7236564805057956,3796.0,4.8,6.3,2.4,4.4,5.4,10.2,9.6,13.6,8.3,7.4,16.3,8.6,2.9,2.4,3.6,6.5,7.5,10.5,11.7,10.6,17.3,7.7,22.2
1.0,0,0,0,1,0,0,0.7056728567794455,3931.0,4.5,4.2,1.1,3.9,4.7,10.3,12.4,12.1,7.3,7.6,18.0,10.6,3.2,2.2,2.7,6.1,4.8,11.9,10.9,8.8,17.8,8.3,26.5
1.0,0,0,0,1,0,0,0.6634444161790893,3931.0,4.5,4.2,1.1,3.9,4.7,10.3,12.4,12.1,7.3,7.6,18.0,10.6,3.2,2.2,2.7,6.1,4.8,11.9,10.9,8.8,17.8,8.3,26.5
1.0,0,0,0,0,1,0,0.7943653790299158,3443.0,4.4,4.4,2.5,5.9,4.1,9.7,13.5,12.5,7.5,6.2,16.5,9.3,3.4,3.2,1.5,2.9,8.2,10.4,11.3,7.9,15.8,10.3,28.7
1.0,0,0,0,0,1,0,0.7551553877432472,3443.0,4.4,4.4,2.5,5.9,4.1,9.7,13.5,12.5,7.5,6.2,16.5,9.3,3.4,3.2,1.5,2.9,8.2,10.4,11.3,7.9,15.8,10.3,28.7
1.0,0,0,0,0,0,1,0.7035001446340758,3457.0,3.9,4.3,3.4,4.7,4.6,10.5,13.7,12.3,6.2,5.6,16.5,10.0,4.3,2.4,1.0,2.2,9.2,7.1,13.0,5.5,16.1,12.1,31.5
1.0,1,0,0,0,0,0,1.180306905370844,2346.0,2.6,1.9,3.7,3.0,4.9,13.8,10.4,18.5,7.5,11.7,15.3,4.6,2.1,6.4,6.2,13.1,5.8,13.2,20.2,8.6,15.0,7.2,4.3
1.0,0,1,0,0,0,0,1.1323407775020677,2418.0,1.8,2.6,5.0,4.3,3.4,12.7,12.7,16.3,7.1,9.4,16.2,5.7,2.6,4.1,4.9,9.9,6.1,15.8,18.4,13.6,16.1,6.3,4.6
1.0,0,0,1,0,0,0,1.103187250996016,2510.0,2.1,2.6,4.5,3.3,2.1,10.7,11.7,19.2,8.5,9.5,16.0,7.6,2.1,3.1,6.5,9.8,5.9,14.0,16.1,14.2,16.8,7.9,5.7
1.0,0,0,0,1,0,0,1.1956610724519035,2443.0,1.5,1.9,4.7,3.4,1.4,12.1,11.8,17.3,7.1,10.0,19.3,7.1,2.5,1.9,5.0,9.5,4.9,13.1,15.5,16.1,18.4,8.4,7.1
1.0,0,0,0,1,0,0,1.1665984445354072,2443.0,1.5,1.9,4.7,3.4,1.4,12.1,11.8,17.3,7.1,10.0,19.3,7.1,2.5,1.9,5.0,9.5,4.9,13.1,15.5,16.1,18.4,8.4,7.1
1.0,0,0,0,0,1,0,1.2341609589041096,2336.0,1.2,2.5,3.2,3.7,2.2,14.9,10.7,16.1,8.6,8.6,20.7,5.9,1.7,2.1,6.1,8.3,7.2,7.8,14.2,21.4,17.8,5.4,9.7
1.0,0,0,0,0,1,0,1.2033390410958904,2336.0,1.2,2.5,3.2,3.7,2.2,14.9,10.7,16.1,8.6,8.6,20.7,5.9,1.7,2.1,6.1,8.3,7.2,7.8,14.2,21.4,17.8,5.4,9.7
1.0,0,0,0,0,0,1,1.0519318653926049,2407.0,1.0,1.8,4.0,3.9,3.0,13.8,9.4,13.5,10.1,9.6,22.7,5.5,1.5,3.0,5.4,7.0,7.4,11.0,12.2,18.9,13.4,9.1,12.5
1.0,1,0,0,0,0,0,0.8726067746686303,2716.0,3.5,3.8,4.3,4.5,3.5,8.7,11.7,17.2,10.2,11.8,14.3,5.0,1.7,6.1,6.9,8.7,7.6,12.2,20.5,13.2,11.2,5.6,7.9
1.0,0,1,0,0,0,0,0.8278401122019635,2852.0,3.3,3.7,3.6,4.8,3.7,9.6,12.4,15.3,9.7,11.8,15.0,6.1,1.0,5.7,7.4,8.5,6.9,8.2,22.1,14.1,13.3,7.2,6.6
1.0,0,0,1,0,0,0,0.8335104498760184,2823.0,2.3,3.6,4.9,6.7,2.3,10.7,13.0,13.2,8.9,11.9,14.9,6.5,1.0,4.4,8.8,8.1,6.7,7.5,20.9,10.6,16.4,9.3,7.2
1.0,0,0,0,1,0,0,0.9028248587570622,2655.0,5.0,7.3,4.8,5.5,1.3,11.1,18.2,11.1,6.5,10.6,12.8,5.1,0.7,4.4,5.8,4.6,6.9,7.7,20.4,13.1,16.9,10.4,9.8
1.0,0,0,0,1,0,0,0.8945386064030132,2655.0,5.0,7.3,4.8,5.5,1.3,11.1,18.2,11.1,6.5,10.6,12.8,5.1,0.7,4.4,5.8,4.6,6.9,7.7,20.4,13.1,16.9,10.4,9.8
1.0,0,0,0,0,1,0,0.9194402420574886,2644.0,5.6,7.0,4.5,5.8,1.8,11.5,17.6,10.6,6.3,9.9,13.2,5.4,0.8,2.5,3.2,6.4,7.1,8.5,19.7,13.0,17.5,10.4,11.7
1.0,0,0,0,0,1,0,0.9039334341906202,2644.0,5.6,7.0,4.5,5.8,1.8,11.5,17.6,10.6,6.3,9.9,13.2,5.4,0.8,2.5,3.2,6.4,7.1,8.5,19.7,13.0,17.5,10.4,11.7
1.0,0,0,0,0,0,1,0.9333881578947368,2432.0,6.2,6.4,4.2,6.0,2.2,12.5,17.5,8.8,6.6,9.8,13.1,5.9,0.7,1.9,2.1,7.4,4.7,8.1,16.1,13.0,19.9,11.2,15.7
1.0,1,0,0,0,0,0,0.6560091350271197,3503.0,6.7,6.9,6.8,7.1,6.3,12.1,13.1,13.0,9.1,7.7,8.3,2.0,1.1,3.9,2.1,8.7,7.7,11.4,16.7,16.6,14.5,7.6,10.9
1.0,0,1,0,0,0,0,0.6449638286032277,3594.0,7.4,5.2,6.3,6.9,7.6,12.0,11.3,15.0,8.7,7.4,8.4,2.3,1.3,3.9,1.8,7.3,7.7,9.8,14.2,19.4,17.1,8.0,10.8
1.0,0,0,1,0,0,0,0.6793212539545586,3477.0,8.1,6.2,7.1,6.3,7.3,12.4,11.8,12.3,8.9,7.9,7.8,2.6,1.2,2.9,2.5,5.5,6.6,10.6,14.1,16.0,20.4,9.3,12.2
1.0,0,0,0,1,0,0,0.7037880945599544,3511.0,5.6,5.8,5.9,6.5,8.0,11.8,13.8,16.5,7.5,7.3,7.0,3.7,0.7,6.1,2.3,3.0,5.4,8.6,13.3,16.3,15.5,14.1,15.4
1.0,0,0,0,1,0,0,0.7026488180005697,3511.0,5.6,5.8,5.9,6.5,8.0,11.8,13.8,16.5,7.5,7.3,7.0,3.7,0.7,6.1,2.3,3.0,5.4,8.6,13.3,16.3,15.5,14.1,15.4
1.0,0,0,0,0,1,0,0.802667474992422,3299.0,5.9,4.5,5.2,8.3,8.3,12.2,11.4,17.5,10.0,4.9,6.8,4.3,0.9,7.4,2.8,4.0,4.0,5.7,15.2,18.1,18.3,11.2,13.3
1.0,0,0,0,0,1,0,0.8020612306759625,3299.0,5.9,4.5,5.2,8.3,8.3,12.2,11.4,17.5,10.0,4.9,6.8,4.3,0.9,7.4,2.8,4.0,4.0,5.7,15.2,18.1,18.3,11.2,13.3
1.0,0,0,0,0,0,1,0.8152340165188131,3269.0,5.3,3.9,6.3,9.2,8.0,11.4,12.8,18.2,9.6,4.1,6.3,4.0,1.0,6.8,2.2,5.7,3.2,4.9,11.0,15.2,14.5,19.2,17.2
1.0,1,0,0,0,0,0,0.7157556270096463,3110.0,3.9,5.1,6.2,6.8,3.5,11.3,15.4,13.3,5.7,6.8,11.2,8.2,2.5,3.5,5.5,11.4,5.5,15.2,9.8,15.0,14.0,3.9,16.3
1.0,0,1,0,0,0,0,0.7488215488215488,2970.0,4.4,4.2,6.0,6.0,3.5,12.3,14.7,11.9,6.4,7.8,11.7,7.9,2.9,3.5,3.5,7.6,6.1,11.9,14.0,14.6,16.9,4.3,17.6
1.0,0,0,1,0,0,0,0.7360879706764412,3001.0,5.5,4.1,4.7,4.8,3.2,14.2,13.0,12.5,5.8,9.1,10.9,8.5,3.8,5.3,4.1,6.4,5.4,10.7,14.4,13.4,15.1,6.0,19.4
1.0,0,0,0,1,0,0,0.8181818181818182,2772.0,7.0,4.3,2.5,3.9,4.5,14.7,11.1,13.7,5.3,8.6,10.8,10.4,3.2,3.6,2.7,3.7,4.4,11.0,20.8,14.6,13.9,7.3,18.0
1.0,0,0,0,1,0,0,0.799062049062049,2772.0,7.0,4.3,2.5,3.9,4.5,14.7,11.1,13.7,5.3,8.6,10.8,10.4,3.2,3.6,2.7,3.7,4.4,11.0,20.8,14.6,13.9,7.3,18.0
1.0,0,0,0,0,1,0,0.8285714285714286,2730.0,6.1,5.2,3.4,3.6,4.6,11.2,11.4,14.2,5.6,8.8,12.9,9.4,3.6,4.2,5.3,3.3,5.7,10.5,18.5,14.0,14.9,5.1,18.5
1.0,0,0,0,0,1,0,0.8025641025641026,2730.0,6.1,5.2,3.4,3.6,4.6,11.2,11.4,14.2,5.6,8.8,12.9,9.4,3.6,4.2,5.3,3.3,5.7,10.5,18.5,14.0,14.9,5.1,18.5
1.0,0,0,0,0,0,1,0.781891495601173,2728.0,4.8,2.3,2.9,4.8,5.1,13.1,9.5,19.1,5.6,6.9,14.7,8.5,2.6,3.9,3.8,2.5,4.9,11.1,10.4,10.6,23.5,8.1,21.3
1.0,1,0,0,0,0,0,0.6792970895112576,1821.0,5.0,8.2,8.4,6.9,6.9,16.3,11.6,14.3,5.9,7.2,5.7,2.4,1.1,1.5,4.0,13.1,9.8,14.7,23.8,15.7,9.0,5.7,2.7
1.0,0,1,0,0,0,0,0.6993899057127011,1803.0,6.6,7.2,8.8,8.5,5.8,12.9,13.9,12.4,5.9,6.8,6.6,2.5,1.9,2.3,4.7,14.9,9.4,12.3,17.9,16.2,11.1,6.4,4.9
1.0,0,0,1,0,0,0,0.7225368063420159,1766.0,8.4,8.7,8.7,7.9,5.3,16.2,12.5,11.2,4.1,6.0,6.4,2.7,2.0,2.7,5.3,10.0,10.0,12.6,17.0,17.4,17.4,4.9,2.7
1.0,0,0,0,1,0,0,0.7462600690448792,1738.0,9.9,8.7,8.9,8.6,6.1,15.8,12.7,10.5,3.4,4.3,6.1,1.8,3.2,3.8,4.0,8.3,9.3,10.5,15.1,15.4,19.7,5.9,8.0
1.0,0,0,0,1,0,0,0.7456846950517837,1738.0,9.9,8.7,8.9,8.6,6.1,15.8,12.7,10.5,3.4,4.3,6.1,1.8,3.2,3.8,4.0,8.3,9.3,10.5,15.1,15.4,19.7,5.9,8.0
1.0,0,0,0,0,1,0,0.7183324425440941,1871.0,9.1,9.2,8.2,8.6,5.7,14.6,14.6,11.4,3.0,3.9,6.0,2.3,3.7,3.8,5.3,10.0,8.2,8.4,12.9,17.5,17.4,6.1,10.4
1.0,0,0,0,0,1,0,0.7167290219134153,1871.0,9.1,9.2,8.2,8.6,5.7,14.6,14.6,11.4,3.0,3.9,6.0,2.3,3.7,3.8,5.3,10.0,8.2,8.4,12.9,17.5,17.4,6.1,10.4
1.0,0,0,0,0,0,1,0.6943556975505857,1878.0,9.1,7.7,7.0,8.3,7.5,14.7,13.9,11.6,5.0,3.5,6.0,2.1,3.6,2.7,2.0,7.9,8.0,10.8,10.8,21.6,12.8,13.5,9.8
1.0,1,0,0,0,0,0,1.035294117647059,1020.0,1.9,4.1,5.4,6.1,6.4,10.7,9.0,14.3,9.4,10.5,12.9,7.6,1.7,4.5,12.8,9.6,6.9,17.8,16.5,9.5,15.6,5.1,1.7
1.0,0,1,0,0,0,0,1.0366441658630665,1037.0,3.4,4.9,5.7,7.5,6.4,9.5,9.9,9.2,7.4,12.5,14.0,6.4,3.4,5.3,12.8,11.2,8.5,17.2,18.6,10.9,8.6,2.0,4.9
1.0,0,0,1,0,0,0,1.0027522935779816,1090.0,0.0,7.6,5.9,6.0,0.5,14.3,11.3,12.8,4.6,12.7,14.9,6.3,3.1,6.7,5.5,7.5,10.3,24.9,6.3,15.0,7.6,8.6,7.6
1.0,0,0,0,1,0,0,0.8766588602654176,1281.0,0.0,5.0,7.6,1.9,1.0,17.7,4.2,12.0,6.6,15.6,18.5,7.0,2.9,5.7,5.1,4.6,12.4,18.8,15.8,9.8,10.1,9.7,8.1
1.0,0,0,0,1,0,0,0.8391881342701015,1281.0,0.0,5.0,7.6,1.9,1.0,17.7,4.2,12.0,6.6,15.6,18.5,7.0,2.9,5.7,5.1,4.6,12.4,18.8,15.8,9.8,10.1,9.7,8.1
1.0,0,0,0,0,1,0,0.8343419062027232,1322.0,4.6,2.8,7.8,5.6,2.6,15.2,6.3,13.6,3.4,13.9,17.1,5.2,1.8,6.1,3.5,4.5,7.6,13.7,17.3,8.5,12.6,15.4,10.9
1.0,0,0,0,0,1,0,0.8040847201210287,1322.0,4.6,2.8,7.8,5.6,2.6,15.2,6.3,13.6,3.4,13.9,17.1,5.2,1.8,6.1,3.5,4.5,7.6,13.7,17.3,8.5,12.6,15.4,10.9
1.0,0,0,0,0,0,1,0.6636107193229901,1418.0,5.7,2.4,7.5,5.0,3.2,15.8,6.4,12.9,5.1,12.2,18.2,3.9,1.7,5.5,3.1,3.9,7.7,8.0,17.8,12.7,10.3,18.7,12.3
1.0,1,0,0,0,0,0,0.8393135725429017,1282.0,1.6,4.5,8.6,2.1,4.0,5.5,8.2,20.6,6.2,8.4,20.3,8.0,2.1,4.0,6.6,16.2,13.3,15.3,14.2,13.6,16.1,0.0,0.8
1.0,0,1,0,0,0,0,0.8544914625092799,1347.0,4.1,5.3,7.1,3.3,4.1,7.9,8.0,15.8,5.7,10.8,19.2,7.2,1.4,2.3,9.1,19.3,11.2,10.7,13.2,13.7,19.5,0.0,1.0
1.0,0,0,1,0,0,0,0.8715251690458302,1331.0,5.3,5.2,6.4,4.6,2.8,7.1,7.7,8.6,6.0,14.4,20.6,9.8,1.5,5.4,7.7,19.9,14.0,8.6,12.5,11.0,16.4,3.6,0.8
1.0,0,0,0,1,0,0,0.8747169811320755,1325.0,4.6,4.3,5.4,4.0,3.0,6.5,6.6,7.9,10.5,12.7,23.5,10.5,0.5,4.4,5.1,21.7,13.7,10.2,13.0,8.5,12.3,1.7,9.3
1.0,0,0,0,1,0,0,0.8301886792452831,1325.0,4.6,4.3,5.4,4.0,3.0,6.5,6.6,7.9,10.5,12.7,23.5,10.5,0.5,4.4,5.1,21.7,13.7,10.2,13.0,8.5,12.3,1.7,9.3
1.0,0,0,0,0,1,0,0.8252923976608187,1368.0,3.2,3.9,5.0,3.8,3.3,6.9,6.3,8.7,12.2,13.2,22.9,9.8,0.6,5.8,5.0,18.6,11.1,5.1,15.0,10.5,11.2,3.1,14.5
1.0,0,0,0,0,1,0,0.7668128654970761,1368.0,3.2,3.9,5.0,3.8,3.3,6.9,6.3,8.7,12.2,13.2,22.9,9.8,0.6,5.8,5.0,18.6,11.1,5.1,15.0,10.5,11.2,3.1,14.5
1.0,0,0,0,0,0,1,0.727072633895818,1363.0,5.1,5.8,3.8,5.7,2.6,8.8,6.0,9.2,12.7,11.3,18.6,10.0,0.4,9.9,2.6,16.9,11.4,13.2,9.9,9.6,5.0,6.9,14.5
1.0,1,0,0,0,0,0,0.8584310189359784,1109.0,11.5,9.1,5.2,7.3,7.1,12.4,16.0,9.5,3.4,3.8,8.9,4.3,1.3,8.5,8.1,5.3,7.4,11.3,26.1,10.4,16.3,2.6,4.1
1.0,0,1,0,0,0,0,0.782464846980976,1209.0,13.7,9.1,6.9,7.3,4.6,15.6,15.2,7.7,3.6,2.8,8.2,4.4,1.0,6.6,7.9,4.5,5.1,13.6,19.2,16.7,18.4,3.6,4.5
1.0,0,0,1,0,0,0,0.8241291418861513,1177.0,10.3,8.3,7.4,9.7,5.2,15.9,13.3,9.4,2.9,3.6,8.9,3.4,1.7,7.4,10.2,2.8,3.9,10.9,13.7,18.2,16.7,9.4,6.9
1.0,0,0,0,1,0,0,0.7415818324197337,1277.0,15.7,10.5,5.2,6.4,6.5,16.3,10.8,8.1,5.6,1.6,8.5,3.3,1.5,8.0,3.7,1.4,6.5,10.7,12.9,27.8,17.2,6.3,5.4
1.0,0,0,0,1,0,0,0.745497259201253,1277.0,15.7,10.5,5.2,6.4,6.5,16.3,10.8,8.1,5.6,1.6,8.5,3.3,1.5,8.0,3.7,1.4,6.5,10.7,12.9,27.8,17.2,6.3,5.4
1.0,0,0,0,0,1,0,0.7948717948717948,1209.0,14.8,9.6,5.7,6.4,5.4,17.7,10.7,7.9,6.0,2.8,8.3,3.3,1.3,5.8,2.0,2.3,6.6,11.2,10.0,24.2,16.5,13.6,7.8
1.0,0,0,0,0,1,0,0.7932175351530191,1209.0,14.8,9.6,5.7,6.4,5.4,17.7,10.7,7.9,6.0,2.8,8.3,3.3,1.3,5.8,2.0,2.3,6.6,11.2,10.0,24.2,16.5,13.6,7.8
1.0,0,0,0,0,0,1,0.7737104825291181,1202.0,13.3,9.1,8.7,5.7,5.4,16.1,11.6,7.5,6.2,3.4,7.9,3.6,1.5,3.1,4.1,1.9,6.9,9.4,7.2,21.4,21.0,17.9,7.2
1.0,1,0,0,0,0,0,1.0794520547945206,730.0,4.2,3.3,3.4,3.4,3.7,7.0,10.0,12.9,14.8,8.6,18.5,8.2,2.0,4.5,6.8,12.1,11.1,12.1,20.5,11.1,11.0,3.7,7.1
1.0,0,1,0,0,0,0,1.0614754098360655,732.0,2.8,1.9,3.7,2.8,4.7,4.8,9.9,13.7,15.7,8.5,22.5,7.7,1.2,4.2,4.9,13.0,11.7,12.6,16.7,11.3,9.6,8.7,7.2
1.0,0,0,1,0,0,0,1.0101651842439645,787.0,4.8,2.0,4.2,2.7,4.0,5.8,11.6,12.7,12.1,8.4,23.2,7.2,1.3,6.4,4.4,10.7,12.7,11.6,16.8,14.9,7.9,6.9,7.9
1.0,0,0,0,1,0,0,1.1471428571428572,700.0,4.0,2.9,4.2,2.2,4.6,3.8,12.5,14.1,10.8,8.9,21.6,9.0,1.4,4.4,4.4,9.6,9.9,10.7,18.0,15.0,12.7,4.4,10.9
1.0,0,0,0,1,0,0,1.1014285714285714,700.0,4.0,2.9,4.2,2.2,4.6,3.8,12.5,14.1,10.8,8.9,21.6,9.0,1.4,4.4,4.4,9.6,9.9,10.7,18.0,15.0,12.7,4.4,10.9
1.0,0,0,0,0,1,0,1.1267217630853994,726.0,5.2,1.4,3.2,1.9,6.4,8.1,9.7,11.8,11.4,9.1,21.3,9.1,1.4,6.3,6.2,7.0,12.4,9.8,20.7,12.3,12.3,3.9,9.2
1.0,0,0,0,0,1,0,1.0730027548209367,726.0,5.2,1.4,3.2,1.9,6.4,8.1,9.7,11.8,11.4,9.1,21.3,9.1,1.4,6.3,6.2,7.0,12.4,9.8,20.7,12.3,12.3,3.9,9.2
1.0,0,0,0,0,0,1,1.0657142857142856,700.0,6.0,2.1,3.1,2.3,3.4,10.4,9.9,14.0,9.7,8.1,21.4,7.9,1.7,9.3,4.3,9.1,5.9,8.1,17.9,8.4,19.4,2.9,14.7
1.0,1,0,0,0,0,0,0.7222222222222222,648.0,4.1,5.7,3.8,3.4,6.8,15.2,13.2,11.6,11.6,7.9,8.5,5.0,3.1,4.3,1.9,6.6,5.2,9.3,22.8,14.7,11.9,12.3,11.0
1.0,0,1,0,0,0,0,0.7014925373134329,670.0,5.7,6.1,3.4,4.9,8.1,15.0,10.8,11.4,9.7,7.9,9.6,4.9,2.4,4.0,0.7,6.1,5.4,6.1,19.4,16.7,16.1,11.3,14.0
1.0,0,0,1,0,0,0,0.7532051282051282,624.0,6.3,4.9,2.4,5.0,7.1,14.5,11.7,9.7,9.3,9.3,11.5,5.5,2.7,2.9,1.3,6.1,1.3,6.3,10.9,20.4,20.4,13.0,17.6
1.0,0,0,0,1,0,0,0.7147192716236722,659.0,4.8,5.1,3.7,5.4,3.5,10.0,12.5,11.3,8.8,10.3,16.7,6.1,1.8,3.8,2.0,6.2,0.6,6.7,7.7,17.9,19.3,16.8,19.0
1.0,0,0,0,1,0,0,0.6965098634294385,659.0,4.8,5.1,3.7,5.4,3.5,10.0,12.5,11.3,8.8,10.3,16.7,6.1,1.8,3.8,2.0,6.2,0.6,6.7,7.7,17.9,19.3,16.8,19.0
1.0,0,0,0,0,1,0,0.7318116975748931,701.0,3.8,6.2,3.9,4.6,4.1,9.6,11.2,10.5,6.2,11.2,20.5,7.0,1.4,7.3,1.9,3.3,6.7,6.1,5.6,10.6,20.0,16.3,22.4
1.0,0,0,0,0,1,0,0.7146932952924394,701.0,3.8,6.2,3.9,4.6,4.1,9.6,11.2,10.5,6.2,11.2,20.5,7.0,1.4,7.3,1.9,3.3,6.7,6.1,5.6,10.6,20.0,16.3,22.4
1.0,0,0,0,0,0,1,0.6908831908831908,702.0,4.2,3.6,4.2,4.2,4.7,9.0,10.4,11.3,8.9,9.7,21.3,7.0,1.3,7.1,2.8,0.6,5.0,5.7,7.1,9.5,22.8,20.4,18.9
1.0,1,0,0,0,0,0,0.7178423236514523,241.0,1.6,3.7,8.7,7.2,4.7,8.4,12.3,16.5,12.0,7.5,14.3,3.1,0.0,5.8,3.3,5.8,14.9,13.7,16.6,14.1,7.1,3.3,15.4
1.0,0,1,0,0,0,0,0.5418326693227091,251.0,2.2,6.2,10.5,8.0,5.0,8.2,11.8,13.2,11.4,5.6,14.4,2.9,0.7,6.8,2.4,6.0,10.8,18.3,17.9,12.7,9.2,4.8,11.2
1.0,0,0,1,0,0,0,0.6406926406926406,231.0,3.3,6.5,11.9,7.8,2.6,10.2,10.5,10.0,12.2,7.1,13.1,2.3,2.6,7.4,3.5,7.4,6.5,19.0,24.2,6.9,10.0,3.9,11.3
1.0,0,0,0,1,0,0,0.6159695817490495,263.0,3.1,5.9,10.4,8.1,3.5,8.5,10.9,18.4,6.8,4.9,12.4,5.8,1.4,4.2,1.1,18.3,2.7,18.6,26.2,9.5,8.4,2.7,8.4
1.0,0,0,0,1,0,0,0.44866920152091255,263.0,3.1,5.9,10.4,8.1,3.5,8.5,10.9,18.4,6.8,4.9,12.4,5.8,1.4,4.2,1.1,18.3,2.7,18.6,26.2,9.5,8.4,2.7,8.4
1.0,0,0,0,0,1,0,0.6721991701244814,241.0,4.2,5.7,10.0,7.8,2.2,9.8,8.4,16.4,3.2,3.9,17.4,9.7,1.4,3.3,1.2,17.0,2.9,11.2,25.7,4.1,14.5,4.1,15.8
1.0,0,0,0,0,1,0,0.46473029045643155,241.0,4.2,5.7,10.0,7.8,2.2,9.8,8.4,16.4,3.2,3.9,17.4,9.7,1.4,3.3,1.2,17.0,2.9,11.2,25.7,4.1,14.5,4.1,15.8
1.0,0,0,0,0,0,1,0.4977168949771689,219.0,4.9,8.2,8.1,6.8,2.9,10.7,9.7,12.1,3.8,5.8,13.8,10.4,2.8,1.8,4.1,4.6,17.8,10.0,26.5,5.5,18.7,2.7,8.2
1.0,1,0,0,0,0,0,0.8882416396979503,18540.0,5.4,5.0,5.1,6.1,7.7,14.0,12.3,13.5,7.6,7.9,9.5,4.1,1.6,4.3,3.9,5.6,6.2,11.6,16.7,14.7,18.6,10.0,8.4
1.0,0,1,0,0,0,0,0.879997856147497,18658.0,5.6,4.9,5.0,6.3,7.6,13.9,12.4,13.0,7.3,7.6,10.4,4.4,1.5,4.2,3.4,5.4,6.1,11.5,16.5,14.1,18.5,10.8,9.6
1.0,0,0,1,0,0,0,0.8906073179932101,18557.0,5.4,4.8,4.6,6.1,6.9,14.4,12.7,13.1,7.2,7.3,11.1,4.8,1.5,3.6,3.2,5.1,5.6,10.5,16.6,14.7,18.8,11.5,10.5
1.0,0,0,0,1,0,0,0.8836234687298518,18612.0,4.8,5.1,5.0,6.9,6.8,13.9,13.5,12.8,7.2,7.6,10.2,4.5,1.6,2.9,2.4,4.5,4.6,9.8,16.5,14.6,20.5,13.7,10.5
1.0,0,0,0,1,0,0,0.8838383838383839,18612.0,4.8,5.1,5.0,6.9,6.8,13.9,13.5,12.8,7.2,7.6,10.2,4.5,1.6,2.9,2.4,4.5,4.6,9.8,16.5,14.6,20.5,13.7,10.5
1.0,0,0,0,0,1,0,0.8386932627722369,19652.0,4.7,5.7,5.6,6.5,5.9,13.5,14.0,12.8,6.8,7.1,11.4,4.3,1.7,3.8,2.2,4.9,3.9,8.9,14.9,14.0,20.6,14.1,12.8
1.0,0,0,0,0,1,0,0.8384897211479747,19652.0,4.7,5.7,5.6,6.5,5.9,13.5,14.0,12.8,6.8,7.1,11.4,4.3,1.7,3.8,2.2,4.9,3.9,8.9,14.9,14.0,20.6,14.1,12.8
1.0,0,0,0,0,0,1,0.8247391348394286,19742.0,4.9,5.5,5.9,6.3,5.7,13.4,14.4,11.9,7.0,7.6,11.4,4.4,1.6,3.9,2.0,4.1,3.6,8.0,12.9,13.2,21.6,14.2,16.5
1.0,1,0,0,0,0,0,0.6520750757752389,17156.0,6.2,6.3,6.1,5.1,7.1,15.8,12.4,12.8,7.4,6.0,8.3,3.7,2.8,3.0,4.4,6.9,7.0,13.4,20.3,14.6,16.3,7.8,6.2
1.0,0,1,0,0,0,0,0.6647713525284297,16532.0,5.6,6.1,6.7,5.2,6.8,15.9,12.8,13.0,6.8,5.9,8.3,4.1,2.9,3.5,4.9,6.1,6.5,12.4,17.3,15.1,17.9,8.7,7.6
1.0,0,0,1,0,0,0,0.6741600943923493,16103.0,6.2,6.2,5.7,5.7,7.0,16.6,12.1,12.0,6.6,6.3,8.3,4.4,2.7,3.9,3.9,6.1,6.1,11.3,18.0,13.9,19.5,10.4,7.0
1.0,0,0,0,1,0,0,0.6917648541364754,15871.0,5.6,5.9,6.2,6.0,6.2,15.7,13.0,12.2,7.4,5.8,8.4,5.0,2.6,3.8,2.7,6.9,5.6,10.4,16.5,15.0,20.6,11.7,6.9
1.0,0,0,0,1,0,0,0.6908197341062315,15871.0,5.6,5.9,6.2,6.0,6.2,15.7,13.0,12.2,7.4,5.8,8.4,5.0,2.6,3.8,2.7,6.9,5.6,10.4,16.5,15.0,20.6,11.7,6.9
1.0,0,0,0,0,1,0,0.6923124155716567,16286.0,5.9,7.0,6.4,6.2,5.1,14.9,14.1,11.7,7.6,6.0,8.3,4.7,2.2,4.6,2.5,5.2,6.3,9.3,15.3,13.6,20.1,13.6,9.5
1.0,0,0,0,0,1,0,0.690900159646322,16286.0,5.9,7.0,6.4,6.2,5.1,14.9,14.1,11.7,7.6,6.0,8.3,4.7,2.2,4.6,2.5,5.2,6.3,9.3,15.3,13.6,20.1,13.6,9.5
1.0,0,0,0,0,0,1,0.70175,16000.0,5.8,6.4,6.8,6.2,5.1,13.8,14.4,12.1,6.4,6.6,9.1,5.2,2.2,4.7,1.9,4.3,4.3,10.5,13.4,13.4,20.2,14.9,12.3
1.0,1,0,0,0,0,0,0.7616967048971418,16479.0,4.6,5.9,6.2,5.5,5.3,13.4,12.7,13.2,8.1,7.7,11.1,4.3,2.0,5.1,4.4,7.8,7.9,10.8,15.0,12.9,15.7,10.1,10.3
1.0,0,1,0,0,0,0,0.755983797716951,16294.0,4.4,6.2,5.8,5.7,4.9,12.5,13.6,13.2,8.0,7.8,11.5,4.5,1.9,4.9,3.7,7.3,8.6,10.0,14.8,12.0,17.8,10.3,10.7
1.0,0,0,1,0,0,0,0.7385556915544675,16340.0,5.1,5.7,6.1,5.1,5.4,12.5,14.4,13.7,7.7,7.6,10.7,4.1,1.8,4.5,3.2,5.5,7.5,10.2,16.0,12.8,17.8,11.0,11.5
1.0,0,0,0,1,0,0,0.7690292068767176,15647.0,5.2,5.7,6.5,5.4,5.7,12.1,15.4,12.8,7.3,6.8,10.8,4.1,2.3,4.3,3.9,4.5,5.7,7.8,16.2,13.8,20.6,10.4,12.8
1.0,0,0,0,1,0,0,0.7622547453185914,15647.0,5.2,5.7,6.5,5.4,5.7,12.1,15.4,12.8,7.3,6.8,10.8,4.1,2.3,4.3,3.9,4.5,5.7,7.8,16.2,13.8,20.6,10.4,12.8
1.0,0,0,0,0,1,0,0.7804862320242472,15507.0,5.1,5.2,6.7,5.7,5.8,11.7,14.6,14.3,6.1,6.4,11.7,4.3,2.5,4.8,3.6,4.3,5.2,9.5,14.4,14.3,18.3,11.0,14.5
1.0,0,0,0,0,1,0,0.7720384342554976,15507.0,5.1,5.2,6.7,5.7,5.8,11.7,14.6,14.3,6.1,6.4,11.7,4.3,2.5,4.8,3.6,4.3,5.2,9.5,14.4,14.3,18.3,11.0,14.5
1.0,0,0,0,0,0,1,0.7412881442313818,15697.0,5.1,5.0,6.4,5.4,5.3,11.3,15.4,15.1,5.6,5.9,12.3,4.7,2.7,4.2,4.1,4.0,4.1,7.3,14.8,13.4,18.4,11.6,18.1
1.0,1,0,0,0,0,0,0.7710013771394846,15249.0,4.8,4.5,6.5,5.1,4.9,9.2,12.0,12.6,7.6,9.6,13.0,6.8,3.5,3.2,4.1,8.0,8.7,10.2,16.9,13.4,15.3,8.3,11.9
1.0,0,1,0,0,0,0,0.7760198744769874,15296.0,4.9,4.1,6.0,5.2,4.6,9.3,11.7,12.9,7.1,10.0,12.9,7.7,3.7,3.5,3.4,7.7,8.1,10.6,16.2,13.0,16.0,8.6,12.9
1.0,0,0,1,0,0,0,0.7733498565092617,15332.0,4.6,4.1,5.6,5.9,4.6,8.3,11.3,13.2,6.9,9.3,14.8,7.9,3.4,3.8,2.4,7.3,7.1,9.8,15.4,13.5,17.6,9.7,13.5
1.0,0,0,0,1,0,0,0.7703803476364569,15591.0,4.4,3.9,4.4,5.0,4.6,9.7,10.9,12.2,7.9,9.1,15.4,7.5,5.1,3.5,2.3,6.0,6.7,10.3,14.3,13.0,18.0,11.7,14.2
1.0,0,0,0,1,0,0,0.7606311333461613,15591.0,4.4,3.9,4.4,5.0,4.6,9.7,10.9,12.2,7.9,9.1,15.4,7.5,5.1,3.5,2.3,6.0,6.7,10.3,14.3,13.0,18.0,11.7,14.2
1.0,0,0,0,0,1,0,0.7921255688188353,15163.0,5.2,4.2,4.2,4.3,4.7,10.3,10.5,10.9,8.0,9.1,16.3,8.0,4.5,3.3,1.9,5.9,6.1,9.5,14.1,11.1,18.7,11.2,18.2
1.0,0,0,0,0,1,0,0.7838818175822726,15163.0,5.2,4.2,4.2,4.3,4.7,10.3,10.5,10.9,8.0,9.1,16.3,8.0,4.5,3.3,1.9,5.9,6.1,9.5,14.1,11.1,18.7,11.2,18.2
1.0,0,0,0,0,0,1,0.7634767799829698,15267.0,4.9,3.9,4.4,4.5,4.6,9.0,11.0,12.1,6.7,8.9,16.8,8.6,4.5,3.5,1.5,5.4,5.0,9.6,13.7,10.8,18.5,10.5,21.4
1.0,1,0,0,0,0,0,0.5311222702323952,17126.0,2.5,2.9,3.0,17.8,30.2,12.7,7.3,6.4,3.7,3.6,4.9,3.3,1.7,16.3,5.6,10.2,7.2,10.7,12.6,7.3,11.1,7.9,11.2
1.0,0,1,0,0,0,0,0.5167136528393073,17381.0,2.4,2.9,2.8,17.3,32.2,12.9,6.7,6.1,3.1,3.5,5.0,3.5,1.6,15.8,6.1,9.1,6.7,10.6,13.3,6.4,12.0,8.0,12.0
1.0,0,0,1,0,0,0,0.5206334527800255,17302.0,2.4,2.8,2.7,17.6,32.0,13.2,6.4,6.2,3.1,3.3,5.4,3.3,1.5,15.3,6.0,8.1,6.7,9.4,14.0,7.2,11.9,9.1,12.4
1.0,0,0,0,1,0,0,0.4963609089393855,17999.0,2.3,2.5,3.0,17.9,31.2,13.1,6.0,6.5,2.6,3.2,6.6,3.4,1.6,14.2,6.0,7.5,5.6,8.5,15.3,8.3,10.7,12.2,11.6
1.0,0,0,0,1,0,0,0.49702761264514694,17999.0,2.3,2.5,3.0,17.9,31.2,13.1,6.0,6.5,2.6,3.2,6.6,3.4,1.6,14.2,6.0,7.5,5.6,8.5,15.3,8.3,10.7,12.2,11.6
1.0,0,0,0,0,1,0,0.5025929603883924,18126.0,2.1,2.9,2.9,18.4,30.5,12.6,6.1,7.1,2.9,3.0,7.0,2.7,1.7,13.6,4.5,6.7,6.6,8.1,14.5,9.4,11.0,11.4,14.2
1.0,0,0,0,0,1,0,0.5019309279488028,18126.0,2.1,2.9,2.9,18.4,30.5,12.6,6.1,7.1,2.9,3.0,7.0,2.7,1.7,13.6,4.5,6.7,6.6,8.1,14.5,9.4,11.0,11.4,14.2
1.0,0,0,0,0,0,1,0.48064674179323863,18369.0,2.0,3.0,3.2,16.9,31.0,12.6,6.5,6.9,2.6,3.2,7.4,3.0,1.8,12.9,5.2,5.2,7.8,6.7,14.3,10.5,11.4,9.5,16.5
1.0,1,0,0,0,0,0,0.7599435356638712,12043.0,3.8,5.5,5.5,5.3,3.3,9.9,10.3,11.3,6.3,8.1,15.2,9.3,6.1,4.2,3.4,6.9,7.3,12.0,19.5,14.3,15.8,7.7,8.9
1.0,0,1,0,0,0,0,0.7611695137976346,12176.0,3.8,5.0,5.2,5.2,4.1,8.8,10.5,11.4,6.1,7.9,15.8,10.3,6.0,4.2,2.9,7.4,6.9,11.5,17.5,13.4,17.6,7.1,11.5
1.0,0,0,1,0,0,0,0.7510966693744923,12310.0,4.0,4.9,4.6,5.0,3.8,8.7,10.4,10.9,6.4,8.1,16.4,11.3,5.6,4.5,2.3,6.3,6.9,10.9,18.8,10.2,18.7,7.7,13.7
1.0,0,0,0,1,0,0,0.7775745989527055,12031.0,3.8,4.7,5.0,5.7,3.8,9.5,10.5,11.4,5.6,6.8,16.6,10.7,5.8,5.1,1.5,5.5,6.8,10.5,18.7,10.4,17.5,8.1,15.9
1.0,0,0,0,1,0,0,0.7745823289834594,12031.0,3.8,4.7,5.0,5.7,3.8,9.5,10.5,11.4,5.6,6.8,16.6,10.7,5.8,5.1,1.5,5.5,6.8,10.5,18.7,10.4,17.5,8.1,15.9
1.0,0,0,0,0,1,0,0.8038753159224937,11870.0,3.6,4.9,5.3,5.4,3.8,8.4,11.5,9.8,6.9,7.2,17.3,10.6,5.3,4.9,1.5,4.5,6.5,11.0,15.3,11.0,18.9,10.7,15.6
1.0,0,0,0,0,1,0,0.801095197978096,11870.0,3.6,4.9,5.3,5.4,3.8,8.4,11.5,9.8,6.9,7.2,17.3,10.6,5.3,4.9,1.5,4.5,6.5,11.0,15.3,11.0,18.9,10.7,15.6
1.0,0,0,0,0,0,1,0.7892206477732794,11856.0,3.3,4.3,5.2,5.5,3.8,8.2,12.0,9.8,7.1,6.7,17.5,11.6,5.1,4.0,2.0,4.8,5.5,8.5,15.7,9.3,19.2,11.5,19.4
1.0,1,0,0,0,0,0,0.6840231419670671,13482.0,6.9,8.0,5.1,6.6,6.7,15.7,15.7,12.2,6.3,5.5,7.1,2.7,1.6,3.8,3.6,8.4,8.7,11.5,23.5,13.5,14.9,6.9,5.3
1.0,0,1,0,0,0,0,0.6904850055534987,13505.0,6.2,8.0,5.0,5.9,6.9,16.3,15.4,11.6,6.4,6.1,7.5,2.9,1.8,3.5,4.3,6.8,6.8,11.6,21.5,13.8,16.6,8.5,6.5
1.0,0,0,1,0,0,0,0.6872020535386872,13635.0,5.9,6.5,5.4,5.2,6.9,16.6,14.2,12.8,6.7,6.3,8.5,3.1,1.7,2.8,4.3,5.4,6.0,11.3,19.9,16.4,17.0,8.9,8.1
1.0,0,0,0,1,0,0,0.6764854888904972,13817.0,6.3,6.4,6.1,4.9,6.2,15.3,14.2,11.3,7.2,6.8,9.8,3.4,1.9,4.0,4.3,6.2,5.4,10.4,15.8,14.1,22.0,9.8,8.0
1.0,0,0,0,1,0,0,0.677064485778389,13817.0,6.3,6.4,6.1,4.9,6.2,15.3,14.2,11.3,7.2,6.8,9.8,3.4,1.9,4.0,4.3,6.2,5.4,10.4,15.8,14.1,22.0,9.8,8.0
1.0,0,0,0,0,1,0,0.7158622719246616,13592.0,4.6,5.5,6.5,5.4,5.6,15.2,13.8,13.1,7.5,7.0,10.3,3.9,1.5,4.1,3.5,5.7,5.3,10.0,16.9,13.5,21.0,10.5,9.5
1.0,0,0,0,0,1,0,0.7143172454384933,13592.0,4.6,5.5,6.5,5.4,5.6,15.2,13.8,13.1,7.5,7.0,10.3,3.9,1.5,4.1,3.5,5.7,5.3,10.0,16.9,13.5,21.0,10.5,9.5
1.0,0,0,0,0,0,1,0.6811138722409005,13682.0,4.5,5.2,6.5,5.2,6.4,16.1,13.2,12.2,8.1,6.1,10.5,4.4,1.6,3.7,2.2,5.7,5.0,10.0,17.4,12.3,21.2,11.4,11.1
1.0,1,0,0,0,0,0,0.7457455113192818,12810.0,3.7,3.9,4.1,5.2,3.1,12.3,10.4,14.8,8.2,10.5,16.0,5.4,2.5,3.8,4.3,8.4,6.8,10.1,14.5,14.3,16.8,10.2,10.8
1.0,0,1,0,0,0,0,0.77875049741345,12565.0,3.5,3.7,4.2,5.4,3.7,11.0,9.9,14.2,8.5,9.8,17.7,5.8,2.5,3.5,3.4,7.4,6.6,8.7,13.1,13.1,19.8,11.5,12.8
1.0,0,0,1,0,0,0,0.7851596894260786,12493.0,3.5,4.0,4.0,5.5,4.1,10.7,9.9,14.4,8.4,9.0,17.7,6.6,2.3,2.7,2.8,6.4,7.1,9.8,12.2,13.1,20.3,11.4,14.3
1.0,0,0,0,1,0,0,0.8221181497001068,12171.0,3.8,5.5,3.9,5.1,4.4,9.1,9.9,14.2,8.0,8.8,18.2,6.5,2.6,4.0,2.3,7.3,6.0,8.7,12.1,13.0,18.3,12.3,16.1
1.0,0,0,0,1,0,0,0.8143127105414509,12171.0,3.8,5.5,3.9,5.1,4.4,9.1,9.9,14.2,8.0,8.8,18.2,6.5,2.6,4.0,2.3,7.3,6.0,8.7,12.1,13.0,18.3,12.3,16.1
1.0,0,0,0,0,1,0,0.8436304920540495,11767.0,3.9,4.8,4.2,5.3,4.1,9.9,10.4,15.0,7.1,8.9,18.3,5.8,2.3,3.6,1.9,5.3,6.0,8.4,11.2,11.3,18.8,13.7,19.9
1.0,0,0,0,0,1,0,0.8375966686496134,11767.0,3.9,4.8,4.2,5.3,4.1,9.9,10.4,15.0,7.1,8.9,18.3,5.8,2.3,3.6,1.9,5.3,6.0,8.4,11.2,11.3,18.8,13.7,19.9
1.0,0,0,0,0,0,1,0.8495384349926667,11591.0,3.4,4.9,4.1,5.4,3.9,9.1,9.9,14.2,6.9,8.6,20.0,7.1,2.6,4.8,1.5,4.3,6.0,8.0,9.9,11.1,19.4,14.6,20.3
1.0,1,0,0,0,0,0,0.7375234354075529,11201.0,5.4,5.8,6.3,5.6,4.6,10.0,12.5,15.4,8.0,9.0,11.4,4.7,1.3,3.5,3.3,4.5,4.5,8.4,15.5,13.0,20.7,13.8,12.8
1.0,0,1,0,0,0,0,0.743894802755166,11179.0,5.0,5.6,6.1,6.3,4.3,9.3,12.4,15.2,8.1,8.5,12.3,5.0,1.9,2.3,2.9,5.5,3.5,7.6,16.3,12.8,18.8,14.2,16.0
1.0,0,0,1,0,0,0,0.7363965076285387,11339.0,4.6,5.4,6.2,5.9,3.8,9.2,13.2,14.5,8.6,8.7,12.6,5.2,2.2,2.2,1.7,6.0,3.4,7.8,13.3,14.1,19.8,13.8,17.9
1.0,0,0,0,1,0,0,0.7231210855949896,11496.0,5.2,5.4,6.1,5.5,3.8,9.4,13.2,13.3,8.8,8.1,13.9,5.1,2.2,2.3,1.8,6.4,3.9,7.2,12.6,12.3,21.6,15.1,16.7
1.0,0,0,0,1,0,0,0.7245998608211552,11496.0,5.2,5.4,6.1,5.5,3.8,9.4,13.2,13.3,8.8,8.1,13.9,5.1,2.2,2.3,1.8,6.4,3.9,7.2,12.6,12.3,21.6,15.1,16.7
1.0,0,0,0,0,1,0,0.7624735826518423,10883.0,5.1,5.7,6.2,6.3,3.6,10.2,12.7,13.6,8.3,7.4,14.0,4.8,2.2,2.3,1.5,6.1,4.0,6.7,10.7,11.2,21.9,14.3,21.2
1.0,0,0,0,0,1,0,0.7630249012220895,10883.0,5.1,5.7,6.2,6.3,3.6,10.2,12.7,13.6,8.3,7.4,14.0,4.8,2.2,2.3,1.5,6.1,4.0,6.7,10.7,11.2,21.9,14.3,21.2
1.0,0,0,0,0,0,1,0.749221754257462,10922.0,5.0,5.9,5.7,6.0,3.8,11.0,12.4,13.5,8.1,6.9,14.2,5.3,2.2,2.1,1.5,6.6,4.1,7.0,11.3,8.5,20.6,12.2,26.2
1.0,1,0,0,0,0,0,0.6554829838432451,14545.0,5.8,6.5,6.9,6.2,6.9,13.3,13.1,13.1,5.8,6.8,8.8,4.2,2.5,4.7,5.8,8.8,8.5,12.5,21.9,11.8,14.8,5.8,5.4
1.0,0,1,0,0,0,0,0.6456068376068376,14625.0,6.0,6.8,7.2,6.4,6.4,13.1,13.0,12.9,5.5,6.2,9.4,4.3,2.8,4.5,4.2,8.2,9.0,12.0,22.0,14.2,13.7,5.7,6.5
1.0,0,0,1,0,0,0,0.643501254322327,14749.0,5.9,7.0,7.2,6.3,6.3,13.1,13.0,12.8,6.0,5.6,9.6,4.6,2.5,3.6,3.4,7.4,8.0,13.0,21.9,15.2,13.7,6.5,7.3
1.0,0,0,0,1,0,0,0.6612352900215862,14361.0,6.0,7.9,6.4,6.2,6.4,14.0,14.0,12.2,5.6,5.8,9.3,3.8,2.4,4.2,3.3,5.8,6.9,14.0,20.9,13.8,17.5,6.4,7.2
1.0,0,0,0,1,0,0,0.6606782257502959,14361.0,6.0,7.9,6.4,6.2,6.4,14.0,14.0,12.2,5.6,5.8,9.3,3.8,2.4,4.2,3.3,5.8,6.9,14.0,20.9,13.8,17.5,6.4,7.2
1.0,0,0,0,0,1,0,0.6552339141171628,14578.0,6.1,8.0,6.9,5.7,6.8,13.0,14.5,11.1,5.6,5.7,10.3,4.1,2.1,3.5,3.6,4.8,6.5,11.4,21.6,14.9,17.3,8.3,8.0
1.0,0,0,0,0,1,0,0.652558650020579,14578.0,6.1,8.0,6.9,5.7,6.8,13.0,14.5,11.1,5.6,5.7,10.3,4.1,2.1,3.5,3.6,4.8,6.5,11.4,21.6,14.9,17.3,8.3,8.0
1.0,0,0,0,0,0,1,0.6411185559961712,14626.0,5.7,7.8,6.6,5.1,6.5,13.6,14.5,11.4,5.7,5.9,10.8,4.4,2.1,3.5,2.9,5.8,6.4,10.1,19.4,14.6,17.3,9.6,10.3
1.0,1,0,0,0,0,0,0.8873053038786521,9823.0,4.7,6.4,7.5,9.0,5.8,9.6,12.9,16.3,7.3,6.8,7.8,4.6,1.4,2.9,2.3,3.6,6.7,10.6,13.4,14.7,23.0,12.2,10.4
1.0,0,1,0,0,0,0,0.8717183770883055,10056.0,3.9,6.7,7.3,8.8,5.1,10.6,13.3,15.2,7.5,6.7,8.4,4.5,2.0,2.6,1.3,4.9,4.7,8.5,14.2,14.1,24.0,13.7,12.2
1.0,0,0,1,0,0,0,0.9168801885825562,9757.0,4.3,7.4,7.3,8.3,5.0,11.2,12.7,15.3,6.7,6.8,8.5,4.6,2.1,1.8,2.1,4.3,5.7,7.0,13.1,12.6,24.1,14.7,14.5
1.0,0,0,0,1,0,0,0.9051941502773575,9915.0,4.1,7.4,6.6,8.6,5.2,10.1,12.9,15.1,7.7,7.2,9.3,3.8,2.1,1.6,2.0,4.4,5.6,6.5,11.5,11.0,23.7,17.6,16.1
1.0,0,0,0,1,0,0,0.9039838628340897,9915.0,4.1,7.4,6.6,8.6,5.2,10.1,12.9,15.1,7.7,7.2,9.3,3.8,2.1,1.6,2.0,4.4,5.6,6.5,11.5,11.0,23.7,17.6,16.1
1.0,0,0,0,0,1,0,0.920785999385938,9771.0,4.2,6.8,6.9,8.5,5.6,10.0,13.2,15.2,8.4,6.7,9.1,3.6,1.8,1.9,1.8,3.4,6.2,5.7,8.7,10.2,24.7,17.1,20.3
1.0,0,0,0,0,1,0,0.9184320949749258,9771.0,4.2,6.8,6.9,8.5,5.6,10.0,13.2,15.2,8.4,6.7,9.1,3.6,1.8,1.9,1.8,3.4,6.2,5.7,8.7,10.2,24.7,17.1,20.3
1.0,0,0,0,0,0,1,0.8905963769590881,9826.0,4.6,6.7,6.3,7.7,5.7,11.1,12.4,14.9,8.3,6.7,9.4,4.0,2.1,2.0,1.0,4.3,5.1,6.2,8.8,11.1,18.9,21.0,21.6
1.0,1,0,0,0,0,0,0.9048587328767124,9344.0,6.6,7.2,6.2,7.3,6.6,18.0,12.3,12.4,7.4,5.6,6.5,3.0,1.0,4.4,2.8,4.9,9.4,11.0,17.9,17.1,19.3,8.0,5.0
1.0,0,1,0,0,0,0,0.8922831293241086,9395.0,6.5,6.0,6.1,7.4,6.7,18.1,12.6,12.6,6.6,5.9,6.9,3.1,1.4,4.7,2.2,4.9,8.3,9.5,16.8,17.4,21.2,8.8,6.2
1.0,0,0,1,0,0,0,0.8978494623655914,9300.0,6.4,6.3,6.9,7.0,7.7,16.7,12.6,12.3,7.1,5.5,7.2,2.8,1.8,3.4,1.9,5.7,7.0,8.9,17.2,17.9,20.7,11.3,5.9
1.0,0,0,0,1,0,0,0.9040414955694834,9254.0,5.9,6.6,7.2,6.6,6.9,17.0,13.0,12.1,6.9,5.8,7.2,3.0,1.8,2.9,3.5,4.7,6.2,9.9,15.9,17.9,21.3,11.1,6.5
1.0,0,0,0,1,0,0,0.9005835314458612,9254.0,5.9,6.6,7.2,6.6,6.9,17.0,13.0,12.1,6.9,5.8,7.2,3.0,1.8,2.9,3.5,4.7,6.2,9.9,15.9,17.9,21.3,11.1,6.5
1.0,0,0,0,0,1,0,0.8950031625553447,9486.0,6.2,6.3,7.7,6.9,7.0,14.4,13.2,12.5,7.5,5.2,8.2,3.1,1.9,2.7,3.8,4.8,5.3,10.0,15.2,16.4,22.8,10.9,7.9
1.0,0,0,0,0,1,0,0.8937381404174574,9486.0,6.2,6.3,7.7,6.9,7.0,14.4,13.2,12.5,7.5,5.2,8.2,3.1,1.9,2.7,3.8,4.8,5.3,10.0,15.2,16.4,22.8,10.9,7.9
1.0,0,0,0,0,0,1,0.8451185422921628,9659.0,5.5,6.5,7.9,6.8,7.5,14.1,13.0,12.7,6.8,5.6,8.7,3.0,1.9,3.5,3.1,4.0,5.2,10.1,12.6,15.1,23.5,10.3,12.6
1.0,1,0,0,0,0,0,0.686620397146713,10374.0,6.4,6.0,7.3,5.4,6.9,14.4,13.8,13.5,6.2,5.8,8.3,3.9,2.0,3.9,4.0,6.9,8.2,11.8,19.8,13.0,16.1,8.0,8.2
1.0,0,1,0,0,0,0,0.7026735873078053,10211.0,6.4,5.1,7.0,5.4,6.4,14.7,13.4,13.1,6.4,6.4,9.1,4.4,2.1,3.7,2.5,7.5,6.9,11.7,19.2,12.6,17.2,9.9,8.9
1.0,0,0,1,0,0,0,0.7067580803134182,10210.0,6.0,5.1,7.1,5.4,6.4,14.6,14.8,11.9,6.7,6.3,9.6,4.3,1.9,3.8,2.4,5.2,6.9,12.7,17.1,14.1,17.9,10.1,9.8
1.0,0,0,0,1,0,0,0.7318716685105099,9943.0,6.5,5.6,6.7,5.8,6.1,14.3,15.4,11.3,6.6,6.2,9.8,4.1,1.6,2.9,2.3,5.5,7.0,11.8,18.5,13.5,16.5,10.9,11.1
1.0,0,0,0,1,0,0,0.7285527506788696,9943.0,6.5,5.6,6.7,5.8,6.1,14.3,15.4,11.3,6.6,6.2,9.8,4.1,1.6,2.9,2.3,5.5,7.0,11.8,18.5,13.5,16.5,10.9,11.1
1.0,0,0,0,0,1,0,0.7189813443885105,10131.0,6.0,5.7,6.5,6.3,6.1,14.2,15.7,11.3,6.8,6.4,9.9,3.8,1.4,2.9,2.6,4.6,5.4,12.9,15.5,14.4,17.1,10.7,13.9
1.0,0,0,0,0,1,0,0.7162175500937716,10131.0,6.0,5.7,6.5,6.3,6.1,14.2,15.7,11.3,6.8,6.4,9.9,3.8,1.4,2.9,2.6,4.6,5.4,12.9,15.5,14.4,17.1,10.7,13.9
1.0,0,0,0,0,0,1,0.693202753805876,10313.0,5.9,5.1,7.3,6.5,5.5,14.3,16.1,10.8,6.3,6.2,10.0,4.7,1.3,2.2,2.2,3.1,4.8,11.0,16.6,12.6,21.0,10.0,16.5
1.0,1,0,0,0,0,0,0.8175,8400.0,5.4,4.0,4.9,5.0,4.0,14.6,10.8,14.7,7.6,8.4,12.2,5.3,3.1,4.4,2.3,5.7,6.9,9.4,16.0,15.6,20.3,10.7,8.8
1.0,0,1,0,0,0,0,0.8247102401720635,8369.0,6.3,3.6,4.5,4.6,4.3,15.6,10.6,14.1,7.9,8.0,12.4,5.1,3.0,4.3,2.6,5.2,7.8,5.7,16.8,18.7,18.4,11.4,9.0
1.0,0,0,1,0,0,0,0.8325177391729875,8174.0,5.3,4.3,4.9,4.6,4.8,13.8,11.2,13.5,8.2,7.5,13.4,5.8,2.9,4.1,2.3,3.9,6.8,6.4,15.5,18.4,20.1,13.2,9.3
1.0,0,0,0,1,0,0,0.7651591289782245,8955.0,5.1,4.4,4.7,3.9,6.1,12.7,12.1,14.7,7.1,6.3,14.1,5.7,3.2,3.2,1.6,4.6,7.4,4.5,16.0,16.5,21.9,13.0,11.3
1.0,0,0,0,1,0,0,0.7627024008933556,8955.0,5.1,4.4,4.7,3.9,6.1,12.7,12.1,14.7,7.1,6.3,14.1,5.7,3.2,3.2,1.6,4.6,7.4,4.5,16.0,16.5,21.9,13.0,11.3
1.0,0,0,0,0,1,0,0.7310557684120903,9396.0,4.6,5.0,4.5,4.3,6.1,11.5,12.7,14.3,7.2,6.0,14.9,5.6,3.2,3.0,1.7,4.7,5.3,7.4,14.6,13.3,22.4,14.2,13.4
1.0,0,0,0,0,1,0,0.7289272030651341,9396.0,4.6,5.0,4.5,4.3,6.1,11.5,12.7,14.3,7.2,6.0,14.9,5.6,3.2,3.0,1.7,4.7,5.3,7.4,14.6,13.3,22.4,14.2,13.4
1.0,0,0,0,0,0,1,0.7169569398440004,9359.0,4.3,5.5,5.1,5.4,5.8,11.7,13.8,14.1,5.6,6.2,13.6,5.4,3.3,2.9,1.0,3.5,4.1,8.2,14.0,11.2,22.0,15.6,17.5
1.0,1,0,0,0,0,0,0.8275967569221355,6537.0,5.8,7.7,9.8,6.8,7.7,12.8,14.0,12.7,5.2,5.7,6.9,4.5,0.6,1.5,2.1,10.1,7.0,10.5,19.5,16.3,19.2,8.8,5.0
1.0,0,1,0,0,0,0,0.8256756756756757,6660.0,5.8,7.8,9.0,6.8,8.0,13.5,12.9,12.0,5.9,5.4,6.9,4.8,1.1,1.9,0.5,9.1,4.9,10.1,21.1,17.5,20.4,10.5,4.2
1.0,0,0,1,0,0,0,0.8300760853349246,6703.0,4.8,7.5,9.0,7.2,7.9,13.4,12.9,12.4,5.9,5.3,7.4,4.9,1.5,2.3,0.9,5.6,5.6,10.3,18.0,18.5,21.9,10.1,6.8
1.0,0,0,0,1,0,0,0.7655896822231086,7521.0,5.8,7.7,8.8,6.7,8.1,15.1,12.6,10.7,5.8,4.7,8.7,3.5,1.8,2.2,1.5,4.4,5.1,13.5,17.1,19.2,19.2,10.9,6.8
1.0,0,0,0,1,0,0,0.7641271107565484,7521.0,5.8,7.7,8.8,6.7,8.1,15.1,12.6,10.7,5.8,4.7,8.7,3.5,1.8,2.2,1.5,4.4,5.1,13.5,17.1,19.2,19.2,10.9,6.8
1.0,0,0,0,0,1,0,0.8197587749017482,7379.0,6.0,7.2,8.1,7.6,7.4,13.8,12.9,11.8,5.6,5.7,8.8,3.4,1.7,2.3,2.1,3.7,4.2,14.4,15.2,17.8,19.8,11.5,9.0
1.0,0,0,0,0,1,0,0.8148800650494648,7379.0,6.0,7.2,8.1,7.6,7.4,13.8,12.9,11.8,5.6,5.7,8.8,3.4,1.7,2.3,2.1,3.7,4.2,14.4,15.2,17.8,19.8,11.5,9.0
1.0,0,0,0,0,0,1,0.826531968629536,7523.0,6.7,7.5,7.9,7.0,7.2,14.5,12.6,12.4,5.6,5.4,8.7,2.9,1.6,3.0,1.1,1.4,5.1,12.3,11.6,20.1,23.3,9.8,12.2
1.0,1,0,0,0,0,0,0.9734786557674842,5505.0,6.6,6.8,8.3,7.2,7.4,11.8,14.8,14.4,6.9,5.6,6.0,3.1,1.1,2.3,3.1,6.8,5.0,11.1,13.6,12.6,20.3,12.0,13.2
1.0,0,1,0,0,0,0,1.0075339948548327,5442.0,6.4,6.0,8.9,7.4,7.5,10.9,14.6,15.2,6.3,5.3,6.7,3.9,1.0,2.3,4.3,4.4,5.0,10.3,14.8,10.1,20.1,13.4,15.4
1.0,0,0,1,0,0,0,1.0324344710541202,5303.0,5.7,6.2,8.5,7.7,7.5,11.4,13.7,15.1,6.8,5.4,6.8,4.3,1.1,2.4,4.3,4.1,4.0,8.8,14.1,10.5,19.6,14.8,17.3
1.0,0,0,0,1,0,0,1.059646395958811,5147.0,5.7,6.3,8.7,7.5,8.0,11.6,12.9,15.2,6.5,5.8,6.7,3.8,1.3,3.8,3.9,2.9,3.9,7.0,12.8,9.5,22.3,16.9,17.0
1.0,0,0,0,1,0,0,1.0608121235671264,5147.0,5.7,6.3,8.7,7.5,8.0,11.6,12.9,15.2,6.5,5.8,6.7,3.8,1.3,3.8,3.9,2.9,3.9,7.0,12.8,9.5,22.3,16.9,17.0
1.0,0,0,0,0,1,0,0.9649590892920669,5622.0,4.8,5.9,8.9,8.0,8.0,12.1,12.7,15.3,6.4,5.8,7.5,3.4,1.2,3.5,2.3,3.0,4.9,4.9,12.2,10.6,21.6,15.9,21.1
1.0,0,0,0,0,1,0,0.9660263251511918,5622.0,4.8,5.9,8.9,8.0,8.0,12.1,12.7,15.3,6.4,5.8,7.5,3.4,1.2,3.5,2.3,3.0,4.9,4.9,12.2,10.6,21.6,15.9,21.1
1.0,0,0,0,0,0,1,0.9203799654576856,5790.0,5.3,6.0,9.0,7.7,8.5,12.2,12.0,13.6,6.4,6.5,7.6,4.0,1.3,3.5,2.0,2.5,5.9,3.7,11.5,10.9,20.7,16.1,23.3
1.0,1,0,0,0,0,0,0.7668238993710692,6360.0,6.7,7.6,6.1,7.0,5.6,12.5,10.0,13.4,8.8,5.5,11.4,4.1,1.1,14.7,10.2,19.1,18.9,12.2,11.7,6.2,4.6,2.2,0.3
1.0,0,1,0,0,0,0,0.8459781367270354,6129.0,6.3,8.4,7.0,5.9,4.7,14.0,9.9,13.7,7.9,5.5,11.2,3.9,1.5,13.0,11.5,17.2,17.3,13.3,14.1,6.9,3.8,2.6,0.5
1.0,0,0,1,0,0,0,0.8575981214357599,5962.0,7.1,8.0,7.4,5.9,4.9,13.4,10.2,13.1,6.9,5.4,12.3,4.2,1.3,10.1,11.9,16.1,15.5,17.8,14.8,5.8,4.4,3.3,0.3
1.0,0,0,0,1,0,0,0.8566164154103852,5970.0,5.1,9.6,7.3,6.6,3.6,13.1,11.3,13.5,6.3,5.5,11.9,4.8,1.6,9.1,10.7,13.9,14.0,16.2,18.7,8.1,5.0,3.4,0.9
1.0,0,0,0,1,0,0,0.8412060301507538,5970.0,5.1,9.6,7.3,6.6,3.6,13.1,11.3,13.5,6.3,5.5,11.9,4.8,1.6,9.1,10.7,13.9,14.0,16.2,18.7,8.1,5.0,3.4,0.9
1.0,0,0,0,0,1,0,0.815677966101695,6136.0,5.3,9.3,7.0,6.9,3.4,12.9,11.3,13.1,6.2,6.2,12.1,4.5,1.9,7.3,10.8,12.5,13.5,18.4,17.8,7.4,7.9,2.7,1.7
1.0,0,0,0,0,1,0,0.8041069100391134,6136.0,5.3,9.3,7.0,6.9,3.4,12.9,11.3,13.1,6.2,6.2,12.1,4.5,1.9,7.3,10.8,12.5,13.5,18.4,17.8,7.4,7.9,2.7,1.7
1.0,0,0,0,0,0,1,0.7962993832305384,5999.0,5.1,8.0,7.9,7.0,3.6,13.8,12.1,12.4,5.6,6.8,11.4,4.6,1.9,6.6,9.1,12.0,13.1,16.4,20.6,7.1,11.1,2.2,2.0
1.0,1,0,0,0,0,0,0.9296450939457203,4790.0,7.1,5.4,4.4,5.4,3.5,11.0,13.0,12.1,6.9,10.3,13.7,5.7,1.8,10.4,5.6,13.0,9.7,8.3,17.8,12.8,15.5,2.9,4.1
1.0,0,1,0,0,0,0,0.9367061812023709,4724.0,6.7,5.5,3.6,5.3,4.0,11.2,11.9,11.5,8.3,9.2,14.5,6.5,1.8,9.6,4.0,8.7,11.7,12.8,16.5,12.3,16.2,4.6,3.7
1.0,0,0,1,0,0,0,0.9664574767366371,4621.0,6.5,5.0,4.5,4.9,5.5,10.6,13.7,9.7,8.6,8.9,14.3,6.2,1.7,7.1,4.5,6.0,12.5,14.5,17.0,11.6,17.2,4.8,4.9
1.0,0,0,0,1,0,0,1.0597924187725631,4432.0,8.2,5.4,4.2,3.9,6.6,12.0,11.1,8.6,7.9,9.0,14.3,7.6,1.3,5.4,4.4,5.0,12.5,16.4,20.5,10.0,17.2,4.3,4.2
1.0,0,0,0,1,0,0,0.9449458483754513,4432.0,8.2,5.4,4.2,3.9,6.6,12.0,11.1,8.6,7.9,9.0,14.3,7.6,1.3,5.4,4.4,5.0,12.5,16.4,20.5,10.0,17.2,4.3,4.2
1.0,0,0,0,0,1,0,0.960771973987833,4767.0,8.1,7.1,4.5,2.5,5.6,13.7,10.6,8.8,7.6,8.2,13.8,7.9,1.7,3.8,3.1,5.3,12.7,10.3,27.1,12.4,16.5,4.8,4.1
1.0,0,0,0,0,1,0,0.8437172225718481,4767.0,8.1,7.1,4.5,2.5,5.6,13.7,10.6,8.8,7.6,8.2,13.8,7.9,1.7,3.8,3.1,5.3,12.7,10.3,27.1,12.4,16.5,4.8,4.1
1.0,0,0,0,0,0,1,0.7832294389704404,4973.0,6.1,5.3,5.3,4.8,6.0,12.7,10.2,10.6,8.1,6.9,14.4,7.7,1.7,2.4,1.5,6.3,10.2,14.6,21.5,14.0,17.8,7.4,4.4
1.0,1,0,0,0,0,0,1.0190241718889883,4468.0,2.4,3.6,2.8,3.8,4.2,6.5,7.8,10.4,8.8,10.2,24.6,10.7,4.2,4.4,3.8,8.1,13.5,12.2,15.8,11.9,21.3,6.3,2.8
1.0,0,1,0,0,0,0,1.0417124039517014,4555.0,1.5,4.0,4.1,3.4,4.5,5.8,6.9,10.0,7.8,11.7,26.0,10.3,4.1,6.8,3.4,5.2,11.5,10.2,16.8,17.2,20.5,5.5,2.8
1.0,0,0,1,0,0,0,0.9702552293225868,5211.0,1.0,3.9,2.7,3.1,5.5,4.0,6.1,9.3,7.0,12.4,28.1,12.3,4.7,5.2,3.1,4.5,12.8,10.8,21.7,15.7,17.8,5.5,2.8
1.0,0,0,0,1,0,0,1.0338125126543836,4939.0,1.5,3.0,1.3,4.6,3.4,8.3,3.2,8.5,7.2,15.3,26.1,14.1,3.5,3.6,1.7,6.3,11.5,13.9,18.7,15.3,17.1,8.2,3.7
1.0,0,0,0,1,0,0,1.023486535735979,4939.0,1.5,3.0,1.3,4.6,3.4,8.3,3.2,8.5,7.2,15.3,26.1,14.1,3.5,3.6,1.7,6.3,11.5,13.9,18.7,15.3,17.1,8.2,3.7
1.0,0,0,0,0,1,0,1.062218045112782,5320.0,1.7,2.6,2.1,2.3,3.0,10.8,3.0,7.9,6.2,15.3,26.7,15.8,2.6,4.6,1.8,5.8,8.9,11.4,18.0,16.5,20.7,8.5,3.7
1.0,0,0,0,0,1,0,1.0430451127819549,5320.0,1.7,2.6,2.1,2.3,3.0,10.8,3.0,7.9,6.2,15.3,26.7,15.8,2.6,4.6,1.8,5.8,8.9,11.4,18.0,16.5,20.7,8.5,3.7
1.0,0,0,0,0,0,1,0.9657431673530513,5342.0,2.2,2.1,1.6,1.3,3.2,10.6,4.1,6.7,5.6,13.0,27.3,19.4,2.9,4.0,1.5,4.1,7.4,13.6,14.5,17.2,18.4,13.3,6.0
1.0,1,0,0,0,0,0,0.8674033149171271,3982.0,5.7,5.7,7.4,6.8,5.2,9.7,13.7,12.4,6.3,7.5,11.3,6.1,2.2,3.1,4.8,7.2,9.7,13.6,17.0,13.2,16.0,6.4,8.8
1.0,0,1,0,0,0,0,0.8925031766200763,3935.0,5.3,6.8,7.1,4.2,5.2,10.8,13.2,11.2,5.9,9.7,12.4,5.9,2.3,3.5,4.6,6.7,8.3,12.5,16.5,14.6,16.8,8.0,8.6
1.0,0,0,1,0,0,0,0.85068093385214,4112.0,6.7,6.8,7.2,3.8,3.8,12.0,13.1,10.4,6.1,9.7,13.1,5.6,1.7,3.1,4.3,5.6,7.9,11.5,18.2,14.3,18.6,7.7,8.8
1.0,0,0,0,1,0,0,0.7983614019116978,4394.0,4.8,6.5,6.0,5.5,3.6,10.1,12.2,14.8,5.9,9.5,14.3,5.0,1.7,2.9,3.3,5.6,7.7,13.3,13.6,12.8,20.8,8.0,11.9
1.0,0,0,0,1,0,0,0.7924442421483842,4394.0,4.8,6.5,6.0,5.5,3.6,10.1,12.2,14.8,5.9,9.5,14.3,5.0,1.7,2.9,3.3,5.6,7.7,13.3,13.6,12.8,20.8,8.0,11.9
1.0,0,0,0,0,1,0,0.7792802617230098,4585.0,2.8,6.7,6.5,6.1,3.8,8.7,13.8,14.5,6.6,9.4,14.9,4.6,1.7,3.7,3.7,3.9,6.0,9.6,12.6,12.5,21.9,11.9,14.2
1.0,0,0,0,0,1,0,0.7709923664122137,4585.0,2.8,6.7,6.5,6.1,3.8,8.7,13.8,14.5,6.6,9.4,14.9,4.6,1.7,3.7,3.7,3.9,6.0,9.6,12.6,12.5,21.9,11.9,14.2
1.0,0,0,0,0,0,1,0.7798227675528289,4401.0,2.8,7.6,5.5,6.3,3.8,10.4,15.6,12.0,6.0,7.9,15.5,4.6,2.0,3.1,2.4,4.4,2.9,12.7,12.9,10.5,21.3,13.9,15.8
1.0,1,0,0,0,0,0,1.137738483015356,2149.0,3.6,7.6,9.6,3.9,5.8,7.2,13.5,12.8,6.6,9.9,12.1,6.2,1.2,3.4,2.8,10.9,5.2,14.9,26.6,15.1,10.2,6.0,4.7
1.0,0,1,0,0,0,0,1.0818739054290718,2284.0,4.6,6.8,9.5,4.7,6.6,7.0,13.7,12.4,7.0,9.0,10.8,6.2,1.6,2.0,2.3,10.5,8.0,16.3,19.2,18.4,12.2,5.8,5.3
1.0,0,0,1,0,0,0,1.2151898734177216,2054.0,3.6,7.7,9.7,5.2,5.2,6.2,13.6,14.9,5.5,10.0,9.9,6.7,1.7,1.4,2.7,7.7,3.8,17.7,20.6,16.3,18.2,6.7,4.8
1.0,0,0,0,1,0,0,1.1245535714285715,2240.0,3.0,9.5,7.8,4.9,8.1,6.9,13.5,12.0,4.1,9.9,12.1,6.4,1.7,0.4,7.0,9.7,7.2,15.8,14.6,15.5,17.8,8.7,3.3
1.0,0,0,0,1,0,0,1.1098214285714285,2240.0,3.0,9.5,7.8,4.9,8.1,6.9,13.5,12.0,4.1,9.9,12.1,6.4,1.7,0.4,7.0,9.7,7.2,15.8,14.6,15.5,17.8,8.7,3.3
1.0,0,0,0,0,1,0,1.1354723707664884,2244.0,2.0,10.0,9.5,5.4,7.0,6.8,13.5,12.6,5.4,6.9,11.1,8.2,1.7,0.9,3.7,10.3,5.0,16.5,10.6,17.1,21.3,10.2,4.4
1.0,0,0,0,0,1,0,1.1016042780748663,2244.0,2.0,10.0,9.5,5.4,7.0,6.8,13.5,12.6,5.4,6.9,11.1,8.2,1.7,0.9,3.7,10.3,5.0,16.5,10.6,17.1,21.3,10.2,4.4
1.0,0,0,0,0,0,1,1.0737179487179487,2184.0,3.7,9.0,8.2,4.1,5.7,8.4,11.9,8.9,5.4,6.1,16.4,9.9,2.2,2.1,3.1,8.2,6.7,11.9,14.7,14.5,21.8,5.3,11.7
1.0,1,0,0,0,0,0,1.1548387096774193,1705.0,4.9,3.7,2.6,3.2,5.0,5.2,9.4,16.0,12.2,12.5,18.2,5.3,1.8,8.6,9.3,15.8,14.5,12.7,17.2,13.7,5.5,1.2,1.5
1.0,0,1,0,0,0,0,1.2233472304943418,1679.0,7.5,3.5,1.0,1.9,6.1,5.7,8.4,15.3,10.3,12.7,19.4,7.4,0.7,7.3,7.3,13.5,11.2,15.1,17.0,17.1,8.6,1.3,1.7
1.0,0,0,1,0,0,0,1.2290167865707433,1668.0,7.6,4.2,2.1,2.8,5.5,6.2,6.7,17.2,12.0,11.0,18.4,6.1,0.2,4.9,8.6,11.6,11.9,18.6,16.3,16.5,8.2,1.9,1.4
1.0,0,0,0,1,0,0,1.3143939393939394,1584.0,6.4,4.2,1.8,3.9,2.6,8.7,6.4,18.1,11.7,7.5,19.3,6.5,2.8,2.0,9.8,12.7,10.5,19.0,14.0,14.1,12.0,4.6,1.3
1.0,0,0,0,1,0,0,1.2948232323232323,1584.0,6.4,4.2,1.8,3.9,2.6,8.7,6.4,18.1,11.7,7.5,19.3,6.5,2.8,2.0,9.8,12.7,10.5,19.0,14.0,14.1,12.0,4.6,1.3
1.0,0,0,0,0,1,0,1.3599476439790577,1528.0,5.7,2.8,2.2,4.3,4.8,8.0,8.2,13.4,7.6,11.5,19.6,8.1,3.9,3.6,14.1,8.6,13.9,14.3,9.4,15.9,12.9,4.6,2.6
1.0,0,0,0,0,1,0,1.3357329842931938,1528.0,5.7,2.8,2.2,4.3,4.8,8.0,8.2,13.4,7.6,11.5,19.6,8.1,3.9,3.6,14.1,8.6,13.9,14.3,9.4,15.9,12.9,4.6,2.6
1.0,0,0,0,0,0,1,1.2093457943925234,1605.0,3.7,4.5,3.4,6.1,4.6,4.7,9.2,11.6,8.1,9.4,21.2,9.9,3.6,10.3,7.0,10.4,13.8,15.4,14.4,9.5,7.9,4.2,7.1
1.0,1,0,0,0,0,0,0.7005444646098004,2755.0,8.3,9.8,6.8,5.8,7.6,11.5,12.8,9.5,8.5,4.3,9.6,4.8,0.8,3.8,7.2,9.6,9.2,16.3,20.2,12.8,9.4,7.0,4.4
1.0,0,1,0,0,0,0,0.6848679514632405,2802.0,7.9,9.1,7.3,5.5,8.0,11.9,12.4,10.0,8.2,5.1,8.9,4.6,1.1,3.9,6.4,14.3,10.2,14.8,20.0,12.6,9.6,4.7,3.6
1.0,0,0,1,0,0,0,0.673277661795407,2874.0,6.7,8.1,6.0,6.4,7.6,12.4,12.3,10.8,8.0,5.3,9.8,5.5,1.1,4.2,6.5,13.1,8.7,13.1,22.7,12.8,11.2,4.1,3.6
1.0,0,0,0,1,0,0,0.6520428667113195,2986.0,5.4,7.9,7.1,7.2,5.2,10.7,14.2,10.9,7.1,5.6,10.2,6.1,2.4,4.5,8.6,15.3,6.2,12.0,21.9,12.1,11.5,4.9,2.9
1.0,0,0,0,1,0,0,0.6513730743469525,2986.0,5.4,7.9,7.1,7.2,5.2,10.7,14.2,10.9,7.1,5.6,10.2,6.1,2.4,4.5,8.6,15.3,6.2,12.0,21.9,12.1,11.5,4.9,2.9
1.0,0,0,0,0,1,0,0.6502331778814124,3002.0,5.6,7.8,7.2,7.0,5.1,12.7,13.8,9.9,6.0,6.6,11.0,4.8,2.6,7.9,5.4,13.9,6.5,13.3,16.8,12.8,15.1,3.5,4.7
1.0,0,0,0,0,1,0,0.6479013990672885,3002.0,5.6,7.8,7.2,7.0,5.1,12.7,13.8,9.9,6.0,6.6,11.0,4.8,2.6,7.9,5.4,13.9,6.5,13.3,16.8,12.8,15.1,3.5,4.7
1.0,0,0,0,0,0,1,0.6478405315614618,3010.0,5.2,8.1,8.0,7.0,5.0,11.3,14.1,10.6,5.5,6.3,11.4,5.1,2.4,7.0,4.7,8.3,11.0,10.3,18.2,14.3,13.6,7.3,5.4
1.0,1,0,0,0,0,0,0.8378378378378378,1517.0,3.8,6.2,4.1,4.8,5.3,8.7,12.7,13.9,6.6,10.3,15.4,6.2,1.8,2.0,1.2,10.7,10.9,8.2,15.4,4.6,14.2,20.2,12.5
1.0,0,1,0,0,0,0,0.9022447501810282,1381.0,3.2,5.1,6.2,3.8,4.7,8.5,10.1,16.1,7.1,11.7,17.5,4.4,1.5,3.3,1.2,5.9,7.5,8.6,12.5,6.8,16.7,17.3,20.4
1.0,0,0,1,0,0,0,0.9519817073170732,1312.0,4.6,5.6,6.1,3.8,5.5,7.4,12.9,17.3,4.4,9.0,15.0,3.1,5.5,5.3,1.3,4.3,6.1,6.9,10.8,4.9,19.7,13.3,27.3
1.0,0,0,0,1,0,0,0.9274725274725275,1365.0,6.5,3.8,3.2,1.8,3.7,5.0,9.6,15.7,21.5,8.4,15.3,3.1,2.4,6.4,1.0,4.5,4.5,8.4,2.6,3.3,22.1,9.7,37.5
1.0,0,0,0,1,0,0,0.895970695970696,1365.0,6.5,3.8,3.2,1.8,3.7,5.0,9.6,15.7,21.5,8.4,15.3,3.1,2.4,6.4,1.0,4.5,4.5,8.4,2.6,3.3,22.1,9.7,37.5
1.0,0,0,0,0,1,0,1.099052540913006,1161.0,0.7,2.9,3.3,3.1,3.7,5.1,5.0,18.5,25.6,12.9,12.5,3.6,3.0,4.1,0.0,1.6,0.0,13.8,10.1,1.6,15.7,15.4,37.7
1.0,0,0,0,0,1,0,1.070628768303187,1161.0,0.7,2.9,3.3,3.1,3.7,5.1,5.0,18.5,25.6,12.9,12.5,3.6,3.0,4.1,0.0,1.6,0.0,13.8,10.1,1.6,15.7,15.4,37.7
1.0,0,0,0,0,0,1,0.9784517158818835,1253.0,1.4,2.2,4.6,1.4,0.9,4.7,6.9,18.4,24.2,15.9,13.9,3.2,2.3,5.7,1.4,2.0,4.6,4.2,3.8,7.3,10.0,22.0,39.0
1.0,1,0,0,0,0,0,1.1962224554039873,953.0,3.7,3.7,3.3,1.6,1.9,5.0,10.4,6.6,9.9,15.9,27.5,7.7,2.8,2.7,6.0,8.0,16.6,19.0,16.4,10.9,13.0,5.6,1.9
1.0,0,1,0,0,0,0,1.0899419729206963,1034.0,3.5,3.7,3.2,3.6,1.5,3.2,12.5,4.2,12.9,13.4,27.2,8.3,2.7,2.9,5.1,7.6,12.9,13.2,29.5,10.4,12.1,5.4,0.8
1.0,0,0,1,0,0,0,1.0739700374531835,1068.0,3.4,3.9,3.2,3.5,1.2,4.2,12.4,3.2,10.5,12.4,30.3,9.3,2.4,3.7,4.7,9.7,11.4,9.7,30.9,12.4,14.5,2.1,0.8
1.0,0,0,0,1,0,0,1.2179752066115703,968.0,2.7,3.5,2.9,3.3,1.4,5.5,11.6,0.2,13.9,11.9,32.9,9.7,0.7,0.9,3.0,9.9,4.2,10.3,36.5,16.0,10.8,7.7,0.5
1.0,0,0,0,1,0,0,1.165289256198347,968.0,2.7,3.5,2.9,3.3,1.4,5.5,11.6,0.2,13.9,11.9,32.9,9.7,0.7,0.9,3.0,9.9,4.2,10.3,36.5,16.0,10.8,7.7,0.5
1.0,0,0,0,0,1,0,1.2157068062827225,955.0,2.8,4.3,4.4,7.5,0.0,7.9,12.7,2.0,13.2,8.7,26.6,9.6,0.5,0.9,1.0,8.2,4.6,8.7,33.3,17.3,15.3,9.4,1.3
1.0,0,0,0,0,1,0,1.162303664921466,955.0,2.8,4.3,4.4,7.5,0.0,7.9,12.7,2.0,13.2,8.7,26.6,9.6,0.5,0.9,1.0,8.2,4.6,8.7,33.3,17.3,15.3,9.4,1.3
1.0,0,0,0,0,0,1,1.1889140271493213,884.0,1.1,4.1,5.9,6.7,0.0,7.9,9.7,5.7,14.0,9.3,25.6,9.8,0.1,4.4,1.2,6.1,2.7,0.9,28.2,31.1,11.2,2.9,11.2
1.0,1,0,0,0,0,0,0.6456241032998565,1394.0,1.7,1.2,3.7,2.1,1.0,6.1,6.8,11.5,10.4,7.6,18.4,15.7,14.0,9.0,3.3,7.0,10.8,7.8,17.6,10.1,12.7,9.0,12.7
1.0,0,1,0,0,0,0,0.6361071932299013,1418.0,1.1,1.2,2.9,2.1,1.0,5.4,6.4,10.8,8.9,8.8,22.2,16.3,12.8,6.3,5.2,8.3,10.5,9.7,15.9,10.2,12.5,11.4,10.0
1.0,0,0,1,0,0,0,0.6141078838174274,1446.0,0.7,1.9,3.8,1.6,1.9,5.5,7.6,9.9,10.1,7.5,20.3,16.3,13.0,8.4,4.1,5.5,10.9,10.8,12.5,12.3,12.9,10.8,11.8
1.0,0,0,0,1,0,0,0.6239495798319328,1428.0,0.5,2.8,3.9,1.3,1.8,9.8,7.3,8.6,10.3,6.9,20.6,13.3,12.9,8.3,2.9,6.1,16.3,7.3,17.6,9.6,10.3,13.5,8.1
1.0,0,0,0,1,0,0,0.6127450980392157,1428.0,0.5,2.8,3.9,1.3,1.8,9.8,7.3,8.6,10.3,6.9,20.6,13.3,12.9,8.3,2.9,6.1,16.3,7.3,17.6,9.6,10.3,13.5,8.1
1.0,0,0,0,0,1,0,0.5436241610738255,1639.0,0.3,2.7,4.0,2.1,1.4,8.9,6.9,8.6,12.0,8.7,22.0,11.3,11.0,4.9,4.7,5.6,18.7,6.7,16.6,7.7,12.0,12.1,11.0
1.0,0,0,0,0,1,0,0.5350823672971324,1639.0,0.3,2.7,4.0,2.1,1.4,8.9,6.9,8.6,12.0,8.7,22.0,11.3,11.0,4.9,4.7,5.6,18.7,6.7,16.6,7.7,12.0,12.1,11.0
1.0,0,0,0,0,0,1,0.5630306988896147,1531.0,1.0,2.7,0.6,1.4,0.4,9.8,7.1,8.0,11.0,7.9,20.9,14.7,14.6,4.2,6.9,3.9,13.1,7.8,13.5,11.9,15.7,8.4,14.6
1.0,1,0,0,0,0,0,0.7381792519407199,1417.0,8.0,7.3,8.1,11.3,6.1,14.2,9.3,13.8,5.9,4.0,7.9,2.9,1.2,5.6,3.0,7.2,13.1,10.0,18.8,21.5,12.7,4.9,3.1
1.0,0,1,0,0,0,0,0.6806108897742363,1506.0,7.4,8.1,7.3,10.0,5.1,17.0,9.7,13.1,6.0,3.7,8.7,2.6,1.3,2.9,2.0,9.4,11.2,12.0,17.9,21.4,14.7,3.6,4.9
1.0,0,0,1,0,0,0,0.6459390862944162,1576.0,7.3,6.5,8.7,10.2,6.4,13.3,12.8,10.4,7.5,4.5,8.5,2.2,1.5,3.3,2.2,11.2,8.6,8.9,21.3,19.8,14.0,3.7,7.1
1.0,0,0,0,1,0,0,0.7190938511326861,1545.0,7.9,5.9,7.4,8.2,7.8,14.6,12.6,8.9,6.4,8.9,6.7,2.1,2.5,4.0,0.8,7.2,13.2,13.7,24.3,11.5,15.8,3.9,5.5
1.0,0,0,0,1,0,0,0.6776699029126214,1545.0,7.9,5.9,7.4,8.2,7.8,14.6,12.6,8.9,6.4,8.9,6.7,2.1,2.5,4.0,0.8,7.2,13.2,13.7,24.3,11.5,15.8,3.9,5.5
1.0,0,0,0,0,1,0,0.8257467994310099,1406.0,8.7,5.3,7.4,7.8,8.6,13.7,12.1,9.0,6.7,9.9,7.4,1.1,2.3,3.4,1.1,8.4,6.5,23.8,16.7,13.7,14.6,5.0,6.8
1.0,0,0,0,0,1,0,0.7788051209103841,1406.0,8.7,5.3,7.4,7.8,8.6,13.7,12.1,9.0,6.7,9.9,7.4,1.1,2.3,3.4,1.1,8.4,6.5,23.8,16.7,13.7,14.6,5.0,6.8
1.0,0,0,0,0,0,1,0.6846254927726675,1522.0,6.9,6.1,7.6,6.3,8.9,14.2,12.9,9.9,4.7,11.0,6.6,2.4,2.5,1.1,0.0,6.9,6.0,15.2,19.3,16.6,19.1,6.3,9.7
1.0,1,0,0,0,0,0,0.7425552353506244,1041.0,3.3,3.6,2.5,13.8,21.2,12.5,9.7,9.3,6.2,5.7,8.3,3.0,0.7,5.3,0.9,1.2,2.1,16.7,21.5,10.7,18.0,12.7,11.0
1.0,0,1,0,0,0,0,0.7138863000931966,1073.0,2.8,3.5,3.8,14.9,19.6,12.6,8.6,11.8,5.6,5.4,7.9,2.6,1.0,4.6,1.9,0.9,1.7,14.3,21.1,10.8,21.9,12.5,10.4
1.0,0,0,1,0,0,0,0.7562688064192578,997.0,2.2,3.8,4.7,15.5,19.4,10.0,9.8,12.7,5.6,5.3,7.2,3.0,1.0,5.1,1.3,0.5,0.4,14.4,22.8,9.5,21.4,10.9,13.6
1.0,0,0,0,1,0,0,0.71671388101983,1059.0,2.5,4.4,5.5,17.1,15.6,10.3,10.6,14.6,3.4,6.5,6.9,2.0,0.6,4.1,6.3,0.4,0.4,11.1,12.7,9.4,25.7,13.0,16.9
1.0,0,0,0,1,0,0,0.6732766761095373,1059.0,2.5,4.4,5.5,17.1,15.6,10.3,10.6,14.6,3.4,6.5,6.9,2.0,0.6,4.1,6.3,0.4,0.4,11.1,12.7,9.4,25.7,13.0,16.9
1.0,0,0,0,0,1,0,0.7404129793510325,1017.0,3.5,3.5,4.8,18.8,15.0,9.0,9.6,14.0,2.7,8.2,7.1,3.0,0.7,4.3,6.4,0.2,5.9,9.3,8.1,10.2,30.4,10.0,15.1
1.0,0,0,0,0,1,0,0.6784660766961652,1017.0,3.5,3.5,4.8,18.8,15.0,9.0,9.6,14.0,2.7,8.2,7.1,3.0,0.7,4.3,6.4,0.2,5.9,9.3,8.1,10.2,30.4,10.0,15.1
1.0,0,0,0,0,0,1,0.6093117408906883,988.0,3.3,3.4,4.7,18.7,15.0,8.9,10.8,12.2,2.0,7.9,7.7,4.8,0.7,2.3,1.0,7.1,2.3,7.7,11.0,6.6,31.7,14.4,15.9
1.0,1,0,0,0,0,0,1.4549918166939444,611.0,0.0,5.9,3.0,1.9,2.3,9.3,9.8,18.4,11.5,9.6,21.2,7.1,0.0,13.1,11.0,11.1,4.3,17.0,9.8,17.3,7.2,3.4,5.7
1.0,0,1,0,0,0,0,1.4115755627009647,622.0,0.0,6.4,6.1,1.3,2.9,10.1,8.4,17.5,8.5,9.6,22.0,6.2,0.9,8.4,11.9,15.1,4.0,12.7,9.3,20.1,9.0,3.5,5.9
1.0,0,0,1,0,0,0,1.5506003430531732,583.0,0.4,6.2,7.0,1.9,2.2,12.5,7.7,14.9,7.8,10.9,23.6,3.8,1.1,6.2,12.5,15.1,9.1,12.2,7.0,18.9,6.9,2.4,9.8
1.0,0,0,0,1,0,0,1.4428794992175273,639.0,1.9,5.8,5.2,2.8,2.5,8.7,6.9,10.1,9.4,12.6,25.9,2.8,5.3,4.7,10.5,12.2,10.5,17.2,5.5,21.3,10.0,0.8,7.4
1.0,0,0,0,1,0,0,1.4131455399061033,639.0,1.9,5.8,5.2,2.8,2.5,8.7,6.9,10.1,9.4,12.6,25.9,2.8,5.3,4.7,10.5,12.2,10.5,17.2,5.5,21.3,10.0,0.8,7.4
1.0,0,0,0,0,0,1,1.4365217391304348,575.0,0.2,1.5,4.8,6.0,1.6,6.0,8.3,8.7,11.6,18.8,25.5,0.5,6.4,0.0,3.8,7.1,15.7,14.1,5.7,9.7,17.9,5.9,20.0
1.0,1,0,0,0,0,0,1.2884615384615385,624.0,0.0,3.5,9.2,5.6,0.7,4.4,15.5,23.3,9.3,6.1,15.2,7.3,0.0,7.9,5.8,4.6,4.5,15.9,6.4,30.3,21.8,1.3,1.6
1.0,0,1,0,0,0,0,1.2165820642978002,591.0,0.0,3.8,5.7,4.1,1.0,5.2,16.5,20.4,8.0,8.4,16.3,8.5,2.1,8.8,0.0,6.9,0.0,17.3,6.1,34.3,15.2,11.3,0.0
1.0,0,0,1,0,0,0,1.3404605263157894,608.0,0.0,4.2,1.9,4.2,1.3,5.4,16.0,20.9,8.7,11.9,17.0,6.0,2.5,8.6,4.3,9.2,0.0,22.0,1.6,33.9,9.5,10.9,0.0
1.0,0,0,0,1,0,0,1.5864978902953586,474.0,0.0,4.8,3.2,7.8,0.2,3.1,20.5,23.3,2.4,10.7,17.7,3.8,2.5,2.3,4.6,16.9,0.0,12.7,5.7,28.9,15.6,13.3,0.0
1.0,0,0,0,1,0,0,1.6624472573839661,474.0,0.0,4.8,3.2,7.8,0.2,3.1,20.5,23.3,2.4,10.7,17.7,3.8,2.5,2.3,4.6,16.9,0.0,12.7,5.7,28.9,15.6,13.3,0.0
1.0,0,0,0,0,1,0,1.1366459627329193,644.0,2.0,5.2,1.6,7.0,0.1,2.3,15.6,18.8,9.3,14.0,17.4,4.7,1.9,1.6,7.3,16.6,0.0,11.8,13.5,1.6,30.3,8.2,9.2
1.0,0,0,0,0,1,0,1.1475155279503106,644.0,2.0,5.2,1.6,7.0,0.1,2.3,15.6,18.8,9.3,14.0,17.4,4.7,1.9,1.6,7.3,16.6,0.0,11.8,13.5,1.6,30.3,8.2,9.2
1.0,0,0,0,0,0,1,1.1400709219858156,564.0,3.0,7.6,4.1,5.2,0.1,1.3,16.4,10.2,12.6,12.4,19.6,5.2,2.4,0.0,0.0,18.8,8.2,16.5,2.1,4.6,24.5,10.5,14.9
1.0,1,0,0,0,0,0,1.125418060200669,598.0,8.1,5.6,1.7,2.3,4.2,2.4,5.9,9.0,16.2,11.5,14.8,14.5,3.8,0.0,11.7,8.0,2.3,14.9,7.0,21.9,19.4,4.7,10.0
1.0,0,1,0,0,0,0,1.3783783783783783,481.0,3.0,0.0,1.9,2.5,6.4,7.3,0.0,3.8,18.8,17.6,18.4,18.7,1.8,3.7,11.6,3.5,2.9,14.8,5.8,24.7,12.5,9.4,11.0
1.0,0,0,1,0,0,0,1.3643892339544514,483.0,6.2,0.0,2.1,2.5,4.1,9.0,0.0,5.0,9.6,14.8,20.1,22.6,3.9,3.7,11.6,3.3,3.5,10.8,12.0,19.0,23.8,10.8,1.4
1.0,0,0,0,1,0,0,1.4854586129753915,447.0,0.0,0.0,0.0,1.4,0.0,7.8,0.0,8.1,5.0,18.9,32.2,22.0,4.6,3.4,15.7,2.9,2.5,0.0,13.6,13.4,31.1,10.3,7.2
1.0,0,0,0,1,0,0,1.465324384787472,447.0,0.0,0.0,0.0,1.4,0.0,7.8,0.0,8.1,5.0,18.9,32.2,22.0,4.6,3.4,15.7,2.9,2.5,0.0,13.6,13.4,31.1,10.3,7.2
1.0,0,0,0,0,1,0,1.0995184590690208,623.0,5.4,2.4,1.8,0.5,0.0,32.4,12.9,5.8,4.6,9.6,14.6,8.5,1.5,1.9,10.4,0.0,0.0,0.0,15.6,6.9,27.4,1.9,35.8
1.0,0,0,0,0,1,0,1.0850722311396468,623.0,5.4,2.4,1.8,0.5,0.0,32.4,12.9,5.8,4.6,9.6,14.6,8.5,1.5,1.9,10.4,0.0,0.0,0.0,15.6,6.9,27.4,1.9,35.8
1.0,0,0,0,0,0,1,1.206831119544592,527.0,5.0,3.1,2.0,0.6,0.0,36.2,13.6,8.1,3.4,4.8,14.1,7.3,1.6,4.7,5.9,0.0,0.0,0.0,12.3,3.6,23.7,7.6,42.1
1.0,1,0,0,0,0,0,0.6130346232179226,982.0,1.3,3.9,6.9,3.2,2.5,13.8,12.7,13.1,5.8,12.2,21.0,2.8,0.9,9.6,4.3,3.1,6.5,21.4,19.3,7.3,11.8,4.8,11.9
1.0,0,1,0,0,0,0,0.6007789678675755,1027.0,1.6,3.8,5.6,1.3,1.3,13.5,11.6,13.6,5.2,13.1,23.5,5.0,0.9,5.8,4.5,6.6,5.6,20.9,15.2,10.5,11.2,5.0,14.7
1.0,0,0,1,0,0,0,0.5722120658135283,1094.0,2.1,4.5,7.8,1.4,0.0,13.5,12.3,12.0,4.3,12.2,23.7,5.8,0.4,6.5,3.5,3.9,5.5,17.9,18.3,16.5,12.0,5.6,10.3
1.0,0,0,0,1,0,0,0.7224719101123596,890.0,0.6,4.4,8.4,1.5,0.3,18.1,5.8,18.0,2.8,9.1,26.5,3.7,0.9,4.5,2.2,2.4,7.1,19.6,18.2,15.5,14.5,7.6,8.4
1.0,0,0,0,1,0,0,0.7044943820224719,890.0,0.6,4.4,8.4,1.5,0.3,18.1,5.8,18.0,2.8,9.1,26.5,3.7,0.9,4.5,2.2,2.4,7.1,19.6,18.2,15.5,14.5,7.6,8.4
1.0,0,0,0,0,1,0,1.0696517412935322,603.0,1.1,4.4,7.4,1.3,0.3,14.3,8.5,11.1,4.9,6.4,33.4,5.5,1.4,2.5,1.7,1.0,10.1,11.4,20.4,19.4,15.3,4.8,13.4
1.0,0,0,0,0,1,0,1.0530679933665008,603.0,1.1,4.4,7.4,1.3,0.3,14.3,8.5,11.1,4.9,6.4,33.4,5.5,1.4,2.5,1.7,1.0,10.1,11.4,20.4,19.4,15.3,4.8,13.4
1.0,0,0,0,0,0,1,1.1544256120527308,531.0,2.5,4.7,6.6,2.0,3.4,15.3,7.1,17.5,3.8,5.3,23.2,7.6,1.0,2.4,1.9,0.8,5.6,1.5,20.2,15.6,16.8,12.4,22.8
1.0,1,0,0,0,0,0,0.5018050541516246,554.0,8.1,9.4,5.4,3.4,8.2,15.0,7.0,12.2,10.1,9.2,6.7,4.6,0.7,10.5,3.1,12.1,5.2,19.1,19.0,13.7,7.2,5.8,4.3
1.0,0,1,0,0,0,0,0.5826771653543307,508.0,8.4,11.5,4.6,2.8,6.5,19.4,6.2,10.9,10.1,7.7,8.2,3.0,0.7,11.2,4.3,14.0,6.9,14.6,15.2,17.7,9.1,1.4,5.7
1.0,0,0,1,0,0,0,0.5313653136531366,542.0,7.4,8.7,3.0,2.5,5.1,20.0,7.1,8.3,13.7,10.9,10.8,2.3,0.2,10.0,3.9,5.4,14.6,15.3,11.3,13.8,14.2,3.7,7.9
1.0,0,0,0,1,0,0,0.6181102362204725,508.0,5.0,5.6,3.9,2.4,3.9,17.0,11.3,9.5,11.3,13.7,14.0,1.8,0.6,8.1,4.1,1.4,13.4,15.0,13.2,15.4,17.9,6.1,5.5
1.0,0,0,0,1,0,0,0.5846456692913385,508.0,5.0,5.6,3.9,2.4,3.9,17.0,11.3,9.5,11.3,13.7,14.0,1.8,0.6,8.1,4.1,1.4,13.4,15.0,13.2,15.4,17.9,6.1,5.5
1.0,0,0,0,0,1,0,0.6957403651115619,493.0,3.4,5.5,4.5,2.9,1.7,17.3,14.9,7.5,9.5,14.6,15.3,2.3,0.5,4.9,7.5,0.6,11.4,11.0,17.2,16.2,18.3,7.3,5.7
1.0,0,0,0,0,1,0,0.6592292089249493,493.0,3.4,5.5,4.5,2.9,1.7,17.3,14.9,7.5,9.5,14.6,15.3,2.3,0.5,4.9,7.5,0.6,11.4,11.0,17.2,16.2,18.3,7.3,5.7
1.0,0,0,0,0,0,1,0.5366269165247018,587.0,7.1,3.8,6.3,1.7,5.4,16.6,17.9,6.4,7.1,10.5,14.2,2.5,0.4,8.3,3.7,2.7,9.7,8.5,24.2,16.9,15.0,4.4,6.5
1.0,1,0,0,0,0,0,0.943609022556391,266.0,7.4,4.0,1.6,3.4,0.0,19.6,7.0,29.9,6.2,11.8,9.0,0.0,0.0,3.8,6.4,6.4,0.0,26.7,28.6,12.4,6.4,5.3,4.1
1.0,0,1,0,0,0,0,1.0368852459016393,244.0,8.1,10.6,2.2,5.0,0.0,18.9,6.6,24.9,6.9,4.2,12.6,0.0,0.0,5.7,7.0,7.4,0.0,15.2,39.8,14.8,0.0,5.3,4.9
1.0,0,0,1,0,0,0,1.2289719626168225,214.0,6.2,5.0,0.0,2.7,3.8,27.1,4.8,26.2,5.4,6.2,12.5,0.0,0.0,0.0,9.3,8.4,0.0,8.4,41.1,7.9,0.0,16.4,8.4
1.0,0,0,0,1,0,0,1.6964285714285714,168.0,3.4,4.2,0.0,0.6,0.6,11.2,6.7,37.3,4.5,0.6,31.1,0.0,0.0,0.0,9.5,13.7,0.0,10.1,36.9,23.2,0.0,6.5,0.0
1.0,0,0,0,1,0,0,1.630952380952381,168.0,3.4,4.2,0.0,0.6,0.6,11.2,6.7,37.3,4.5,0.6,31.1,0.0,0.0,0.0,9.5,13.7,0.0,10.1,36.9,23.2,0.0,6.5,0.0
1.0,0,0,0,0,1,0,1.3059360730593608,219.0,3.8,9.8,2.5,2.0,2.3,2.5,5.0,29.2,2.1,12.3,28.4,0.0,0.0,0.0,0.0,9.1,0.0,8.7,20.5,19.6,9.6,11.9,20.5
1.0,0,0,0,0,1,0,1.2511415525114156,219.0,3.8,9.8,2.5,2.0,2.3,2.5,5.0,29.2,2.1,12.3,28.4,0.0,0.0,0.0,0.0,9.1,0.0,8.7,20.5,19.6,9.6,11.9,20.5
1.0,1,0,0,0,0,0,0.7083333333333334,240.0,5.7,13.9,1.1,3.9,3.2,20.6,7.7,13.9,3.0,6.8,10.9,4.4,5.0,0.0,15.8,4.2,0.0,14.2,20.4,13.3,15.0,5.8,11.3
1.0,0,1,0,0,0,0,0.7672413793103449,232.0,0.9,15.9,12.4,3.6,3.2,10.2,17.8,8.5,3.0,1.8,13.8,3.6,5.2,0.0,16.8,5.6,0.0,9.9,35.8,2.6,4.7,6.5,18.1
1.0,0,0,0,0,1,0,1.2840236686390532,169.0,6.1,6.5,12.9,0.0,0.0,0.0,19.4,0.0,22.2,1.6,12.5,18.8,0.0,8.3,5.9,0.0,0.0,10.7,17.2,0.0,30.8,21.9,5.3
1.0,0,0,0,0,1,0,1.0887573964497042,169.0,6.1,6.5,12.9,0.0,0.0,0.0,19.4,0.0,22.2,1.6,12.5,18.8,0.0,8.3,5.9,0.0,0.0,10.7,17.2,0.0,30.8,21.9,5.3
1.0,0,0,0,0,0,1,0.6879699248120301,266.0,3.8,6.8,11.5,0.0,0.0,0.0,24.3,2.6,18.3,0.0,16.0,16.8,0.0,5.6,0.0,3.4,0.0,15.0,10.5,0.0,11.3,34.2,19.9
