Zip Code,Year,Total population,Male,Female,Under 5 years,5 to 9 years,10 to 14 years,15 to 19 years,20 to 24 years,25 to 34 years,35 to 44 years,45 to 54 years,55 to 59 years,60 to 64 years,65 to 74 years,75 to 84 years,85 years and over,Median age (years)
94503,2017,20371.0,49.6,50.4,6.6,6.8,8.3,7.2,7.4,11.8,14.8,14.4,6.9,5.6,6.0,3.1,1.1,
94503,2018,20306.0,49.7,50.3,6.4,6.0,8.9,7.4,7.5,10.9,14.6,15.2,6.3,5.3,6.7,3.9,1.0,0.0
94503,2019,20276.0,49.8,50.2,5.7,6.2,8.5,7.7,7.5,11.4,13.7,15.1,6.8,5.4,6.8,4.3,1.1,
94503,2020,20295.0,48.9,51.1,5.7,6.3,8.7,7.5,8.0,11.6,12.9,15.2,6.5,5.8,6.7,3.8,1.3,
94503,2021,21874.0,49.4,50.6,4.8,5.9,8.9,8.0,8.0,12.1,12.7,15.3,6.4,5.8,7.5,3.4,1.2,
94503,2022,21791.0,48.5,51.5,5.3,6.0,9.0,7.7,8.5,12.2,12.0,13.6,6.4,6.5,7.6,4.0,1.3,
94508,2017,4176.0,51.7,48.3,3.3,3.6,2.5,13.8,21.2,12.5,9.7,9.3,6.2,5.7,8.3,3.0,0.7,
94508,2018,4298.0,51.1,48.9,2.8,3.5,3.8,14.9,19.6,12.6,8.6,11.8,5.6,5.4,7.9,2.6,1.0,0.0
94508,2019,3935.0,50.3,49.7,2.2,3.8,4.7,15.5,19.4,10.0,9.8,12.7,5.6,5.3,7.2,3.0,1.0,
94508,2020,4083.0,53.9,46.1,2.5,4.4,5.5,17.1,15.6,10.3,10.6,14.6,3.4,6.5,6.9,2.0,0.6,
94508,2021,3680.0,54.4,45.6,3.5,3.5,4.8,18.8,15.0,9.0,9.6,14.0,2.7,8.2,7.1,3.0,0.7,
94508,2022,3406.0,53.1,46.9,3.3,3.4,4.7,18.7,15.0,8.9,10.8,12.2,2.0,7.9,7.7,4.8,0.7,
94510,2017,28043.0,48.5,51.5,5.4,5.8,6.3,5.6,4.6,10.0,12.5,15.4,8.0,9.0,11.4,4.7,1.3,
94510,2018,28262.0,49.3,50.7,5.0,5.6,6.1,6.3,4.3,9.3,12.4,15.2,8.1,8.5,12.3,5.0,1.9,0.0
94510,2019,28350.0,48.8,51.2,4.6,5.4,6.2,5.9,3.8,9.2,13.2,14.5,8.6,8.7,12.6,5.2,2.2,
94510,2020,28297.0,49.2,50.8,5.2,5.4,6.1,5.5,3.8,9.4,13.2,13.3,8.8,8.1,13.9,5.1,2.2,
94510,2021,27327.0,48.8,51.2,5.1,5.7,6.2,6.3,3.6,10.2,12.7,13.6,8.3,7.4,14.0,4.8,2.2,
94510,2022,27223.0,48.5,51.5,5.0,5.9,5.7,6.0,3.8,11.0,12.4,13.5,8.1,6.9,14.2,5.3,2.2,
94512,2017,94.0,33.0,67.0,0.0,14.9,14.9,20.2,0.0,0.0,33.0,0.0,0.0,17.0,0.0,0.0,0.0,
94512,2018,16.0,100.0,0.0,0.0,0.0,0.0,0.0,0.0,0.0,0.0,0.0,0.0,100.0,0.0,0.0,0.0,0.0
94512,2019,16.0,100.0,0.0,0.0,0.0,0.0,0.0,0.0,0.0,0.0,0.0,0.0,100.0,0.0,0.0,0.0,
94512,2020,18.0,100.0,0.0,0.0,0.0,0.0,0.0,0.0,0.0,0.0,0.0,0.0,100.0,0.0,0.0,0.0,
94512,2021,0.0,-666666666.0,-666666666.0,-666666666.0,-666666666.0,-666666666.0,-666666666.0,-666666666.0,-666666666.0,-666666666.0,-666666666.0,-666666666.0,-666666666.0,-666666666.0,-666666666.0,-666666666.0,
94512,2022,57.0,49.1,50.9,0.0,0.0,0.0,0.0,0.0,0.0,0.0,49.1,0.0,0.0,0.0,50.9,0.0,
94515,2017,7785.0,52.3,47.7,3.9,5.1,6.2,6.8,3.5,11.3,15.4,13.3,5.7,6.8,11.2,8.2,2.5,
94515,2018,7436.0,50.8,49.2,4.4,4.2,6.0,6.0,3.5,12.3,14.7,11.9,6.4,7.8,11.7,7.9,2.9,0.0
94515,2019,7491.0,53.4,46.6,5.5,4.1,4.7,4.8,3.2,14.2,13.0,12.5,5.8,9.1,10.9,8.5,3.8,
94515,2020,7525.0,54.8,45.2,7.0,4.3,2.5,3.9,4.5,14.7,11.1,13.7,5.3,8.6,10.8,10.4,3.2,
94515,2021,7269.0,50.7,49.3,6.1,5.2,3.4,3.6,4.6,11.2,11.4,14.2,5.6,8.8,12.9,9.4,3.6,
94515,2022,7024.0,54.3,45.7,4.8,2.3,2.9,4.8,5.1,13.1,9.5,19.1,5.6,6.9,14.7,8.5,2.6,
94533,2017,74833.0,49.4,50.6,6.5,8.0,7.0,6.9,7.7,15.5,12.6,13.2,5.7,5.1,6.6,3.9,1.3,
94533,2018,75635.0,49.6,50.4,7.1,7.4,6.8,6.9,7.2,16.1,12.5,13.4,5.5,5.3,6.7,3.6,1.5,0.0
94533,2019,75909.0,49.2,50.8,7.4,7.0,6.7,6.9,7.1,16.8,12.3,13.1,5.6,5.4,6.5,3.6,1.6,
94533,2020,78695.0,48.6,51.4,7.6,6.2,7.4,6.5,7.1,17.0,12.2,12.5,5.7,5.2,7.2,3.5,1.9,
94533,2021,79665.0,49.1,50.9,7.3,6.1,7.6,6.5,7.2,17.2,12.3,12.4,5.8,5.3,7.1,3.4,1.7,
94533,2022,78129.0,49.1,50.9,6.9,6.0,7.0,6.7,7.0,16.8,12.4,12.7,5.8,5.3,7.5,3.8,2.0,
94534,2017,37409.0,48.8,51.2,5.4,6.4,6.1,6.3,5.7,11.5,12.9,15.7,7.3,7.7,9.4,3.5,2.1,
94534,2018,38444.0,48.5,51.5,6.0,6.4,5.9,5.6,5.8,11.4,13.0,15.1,7.4,8.1,9.3,3.7,2.1,0.0
94534,2019,39239.0,49.1,50.9,5.6,6.1,7.0,5.8,4.7,12.2,14.1,13.2,7.9,7.7,10.0,3.5,2.2,
94534,2020,38471.0,50.7,49.3,5.7,5.5,6.6,5.8,4.9,12.3,14.3,14.1,6.8,7.2,10.7,4.2,1.9,
94534,2021,39318.0,51.3,48.7,6.4,5.6,7.0,5.8,4.8,10.7,15.9,13.0,6.4,7.4,10.6,4.7,1.5,
94534,2022,41395.0,50.3,49.7,6.3,6.2,6.9,6.3,5.6,10.7,15.2,12.9,6.5,6.0,10.5,5.2,1.9,
94535,2017,4130.0,51.9,48.1,18.0,10.7,8.4,3.3,14.4,32.1,9.8,2.1,0.7,0.1,0.5,0.0,0.0,
94535,2018,3857.0,51.4,48.6,16.9,10.3,9.0,3.3,14.0,29.8,9.4,4.6,1.6,0.6,0.5,0.0,0.0,0.0
94535,2019,3842.0,51.1,48.9,18.7,12.0,8.4,3.8,11.1,31.5,8.5,4.3,1.1,0.6,0.0,0.0,0.0,
94535,2020,3407.0,52.8,47.2,16.6,12.9,7.7,4.3,14.0,28.9,11.1,2.6,0.9,0.5,0.5,0.0,0.0,
94535,2021,3663.0,49.5,50.5,19.0,11.7,7.5,4.7,12.6,26.9,13.3,2.8,0.8,0.5,0.2,0.0,0.0,
94535,2022,3873.0,54.2,45.8,17.7,10.7,7.5,4.1,15.7,27.6,12.7,2.5,0.7,0.6,0.2,0.0,0.0,
94558,2017,68617.0,49.9,50.1,5.1,5.1,7.0,6.7,6.0,12.5,12.0,13.9,7.2,6.7,10.1,5.1,2.5,
94558,2018,69142.0,49.9,50.1,4.9,5.6,6.9,6.5,5.8,12.3,12.4,13.6,7.1,6.8,10.3,5.3,2.6,0.0
94558,2019,68315.0,49.5,50.5,4.8,5.5,6.8,6.5,5.7,12.2,12.1,13.6,7.4,6.4,10.9,5.6,2.4,
94558,2020,66854.0,49.0,51.0,4.3,5.2,7.0,6.5,5.6,11.9,11.9,13.4,7.5,6.6,11.5,6.2,2.4,
94558,2021,66345.0,49.6,50.4,4.5,5.0,6.8,6.1,5.3,12.1,12.1,13.3,7.6,6.6,11.8,6.3,2.5,
94558,2022,65084.0,49.9,50.1,4.2,4.6,6.9,6.0,5.6,11.5,12.3,13.1,7.8,6.8,11.8,6.7,2.9,
94559,2017,28089.0,51.0,49.0,6.4,6.0,7.3,5.4,6.9,14.4,13.8,13.5,6.2,5.8,8.3,3.9,2.0,
94559,2018,27523.0,51.1,48.9,6.4,5.1,7.0,5.4,6.4,14.7,13.4,13.1,6.4,6.4,9.1,4.4,2.1,0.0
94559,2019,27593.0,51.1,48.9,6.0,5.1,7.1,5.4,6.4,14.6,14.8,11.9,6.7,6.3,9.6,4.3,1.9,
94559,2020,27564.0,50.4,49.6,6.5,5.6,6.7,5.8,6.1,14.3,15.4,11.3,6.6,6.2,9.8,4.1,1.6,
94559,2021,27913.0,51.3,48.7,6.0,5.7,6.5,6.3,6.1,14.2,15.7,11.3,6.8,6.4,9.9,3.8,1.4,
94559,2022,28224.0,50.4,49.6,5.9,5.1,7.3,6.5,5.5,14.3,16.1,10.8,6.3,6.2,10.0,4.7,1.3,
94562,2021,0.0,-666666666.0,-666666666.0,-666666666.0,-666666666.0,-666666666.0,-666666666.0,-666666666.0,-666666666.0,-666666666.0,-666666666.0,-666666666.0,-666666666.0,-666666666.0,-666666666.0,-666666666.0,
94562,2022,0.0,-666666666.0,-666666666.0,-666666666.0,-666666666.0,-666666666.0,-666666666.0,-666666666.0,-666666666.0,-666666666.0,-666666666.0,-666666666.0,-666666666.0,-666666666.0,-666666666.0,-666666666.0,
94567,2017,642.0,47.8,52.2,1.6,3.7,8.7,7.2,4.7,8.4,12.3,16.5,12.0,7.5,14.3,3.1,0.0,
94567,2018,696.0,44.3,55.7,2.2,6.2,10.5,8.0,5.0,8.2,11.8,13.2,11.4,5.6,14.4,2.9,0.7,0.0
94567,2019,658.0,43.2,56.8,3.3,6.5,11.9,7.8,2.6,10.2,10.5,10.0,12.2,7.1,13.1,2.3,2.6,
94567,2020,869.0,44.6,55.4,3.1,5.9,10.4,8.1,3.5,8.5,10.9,18.4,6.8,4.9,12.4,5.8,1.4,
94567,2021,787.0,46.9,53.1,4.2,5.7,10.0,7.8,2.2,9.8,8.4,16.4,3.2,3.9,17.4,9.7,1.4,
94567,2022,719.0,48.3,51.7,4.9,8.2,8.1,6.8,2.9,10.7,9.7,12.1,3.8,5.8,13.8,10.4,2.8,
94571,2017,9480.0,48.6,51.4,2.4,3.6,2.8,3.8,4.2,6.5,7.8,10.4,8.8,10.2,24.6,10.7,4.2,
94571,2018,9784.0,48.9,51.1,1.5,4.0,4.1,3.4,4.5,5.8,6.9,10.0,7.8,11.7,26.0,10.3,4.1,0.0
94571,2019,10605.0,50.4,49.6,1.0,3.9,2.7,3.1,5.5,4.0,6.1,9.3,7.0,12.4,28.1,12.3,4.7,
94571,2020,10330.0,46.8,53.2,1.5,3.0,1.3,4.6,3.4,8.3,3.2,8.5,7.2,15.3,26.1,14.1,3.5,
94571,2021,10776.0,44.8,55.2,1.7,2.6,2.1,2.3,3.0,10.8,3.0,7.9,6.2,15.3,26.7,15.8,2.6,
94571,2022,10514.0,46.0,54.0,2.2,2.1,1.6,1.3,3.2,10.6,4.1,6.7,5.6,13.0,27.3,19.4,2.9,
94573,2017,20.0,50.0,50.0,0.0,0.0,0.0,50.0,0.0,0.0,0.0,0.0,25.0,25.0,0.0,0.0,0.0,
94573,2018,31.0,67.7,32.3,0.0,0.0,0.0,32.3,0.0,35.5,0.0,0.0,16.1,16.1,0.0,0.0,0.0,0.0
94573,2019,36.0,77.8,22.2,0.0,0.0,19.4,0.0,25.0,33.3,22.2,0.0,0.0,0.0,0.0,0.0,0.0,
94573,2020,70.0,75.7,24.3,0.0,0.0,24.3,0.0,34.3,17.1,24.3,0.0,0.0,0.0,0.0,0.0,0.0,
94573,2021,85.0,67.1,32.9,0.0,0.0,17.6,0.0,20.0,12.9,17.6,0.0,0.0,0.0,31.8,0.0,0.0,
94573,2022,107.0,57.9,42.1,0.0,0.0,15.9,0.0,15.0,12.1,14.0,0.0,15.0,0.0,28.0,0.0,0.0,
94574,2017,9100.0,46.6,53.4,4.5,5.1,5.1,4.3,4.5,8.3,10.8,12.2,7.5,8.3,15.8,8.1,5.5,
94574,2018,8677.0,46.8,53.2,4.7,5.5,4.3,4.6,4.9,9.9,10.1,12.8,7.1,8.0,16.6,8.9,2.6,0.0
94574,2019,8757.0,47.4,52.6,4.8,6.3,2.4,4.4,5.4,10.2,9.6,13.6,8.3,7.4,16.3,8.6,2.9,
94574,2020,8527.0,50.3,49.7,4.5,4.2,1.1,3.9,4.7,10.3,12.4,12.1,7.3,7.6,18.0,10.6,3.2,
94574,2021,7859.0,49.7,50.3,4.4,4.4,2.5,5.9,4.1,9.7,13.5,12.5,7.5,6.2,16.5,9.3,3.4,
94574,2022,7827.0,50.4,49.6,3.9,4.3,3.4,4.7,4.6,10.5,13.7,12.3,6.2,5.6,16.5,10.0,4.3,
94576,2017,107.0,49.5,50.5,0.0,0.0,0.0,0.0,10.3,10.3,1.9,18.7,0.0,9.3,45.8,3.7,0.0,
94576,2018,98.0,59.2,40.8,0.0,0.0,0.0,0.0,0.0,0.0,3.1,15.3,0.0,12.2,46.9,8.2,14.3,0.0
94576,2019,105.0,53.3,46.7,0.0,0.0,0.0,0.0,0.0,0.0,1.9,26.7,0.0,9.5,39.0,9.5,13.3,
94576,2020,123.0,43.1,56.9,0.0,0.0,0.0,0.0,0.0,0.0,2.4,22.8,0.0,8.1,38.2,17.9,10.6,
94576,2021,78.0,35.9,64.1,0.0,0.0,0.0,0.0,0.0,0.0,0.0,25.6,0.0,5.1,23.1,23.1,23.1,
94576,2022,171.0,31.6,68.4,0.0,17.0,0.0,0.0,0.0,0.0,0.0,52.0,0.0,0.0,5.3,11.7,14.0,
94585,2017,29605.0,49.0,51.0,6.6,7.2,6.2,7.3,6.6,18.0,12.3,12.4,7.4,5.6,6.5,3.0,1.0,
94585,2018,29599.0,48.8,51.2,6.5,6.0,6.1,7.4,6.7,18.1,12.6,12.6,6.6,5.9,6.9,3.1,1.4,0.0
94585,2019,29525.0,49.7,50.3,6.4,6.3,6.9,7.0,7.7,16.7,12.6,12.3,7.1,5.5,7.2,2.8,1.8,
94585,2020,29351.0,49.5,50.5,5.9,6.6,7.2,6.6,6.9,17.0,13.0,12.1,6.9,5.8,7.2,3.0,1.8,
94585,2021,29560.0,50.6,49.4,6.2,6.3,7.7,6.9,7.0,14.4,13.2,12.5,7.5,5.2,8.2,3.1,1.9,
94585,2022,29401.0,51.0,49.0,5.5,6.5,7.9,6.8,7.5,14.1,13.0,12.7,6.8,5.6,8.7,3.0,1.9,
94591,2017,55232.0,48.9,51.1,5.4,5.0,5.1,6.1,7.7,14.0,12.3,13.5,7.6,7.9,9.5,4.1,1.6,
94591,2018,55334.0,48.7,51.3,5.6,4.9,5.0,6.3,7.6,13.9,12.4,13.0,7.3,7.6,10.4,4.4,1.5,0.0
94591,2019,55157.0,48.6,51.4,5.4,4.8,4.6,6.1,6.9,14.4,12.7,13.1,7.2,7.3,11.1,4.8,1.5,
94591,2020,56333.0,48.6,51.4,4.8,5.1,5.0,6.9,6.8,13.9,13.5,12.8,7.2,7.6,10.2,4.5,1.6,
94591,2021,58373.0,49.5,50.5,4.7,5.7,5.6,6.5,5.9,13.5,14.0,12.8,6.8,7.1,11.4,4.3,1.7,
94591,2022,59026.0,49.4,50.6,4.9,5.5,5.9,6.3,5.7,13.4,14.4,11.9,7.0,7.6,11.4,4.4,1.6,
94599,2017,3117.0,42.7,57.3,1.7,1.2,3.7,2.1,1.0,6.1,6.8,11.5,10.4,7.6,18.4,15.7,14.0,
94599,2018,3078.0,45.5,54.5,1.1,1.2,2.9,2.1,1.0,5.4,6.4,10.8,8.9,8.8,22.2,16.3,12.8,0.0
94599,2019,3108.0,45.9,54.1,0.7,1.9,3.8,1.6,1.9,5.5,7.6,9.9,10.1,7.5,20.3,16.3,13.0,
94599,2020,3070.0,50.0,50.0,0.5,2.8,3.9,1.3,1.8,9.8,7.3,8.6,10.3,6.9,20.6,13.3,12.9,
94599,2021,3421.0,48.6,51.4,0.3,2.7,4.0,2.1,1.4,8.9,6.9,8.6,12.0,8.7,22.0,11.3,11.0,
94599,2022,3428.0,46.1,53.9,1.0,2.7,0.6,1.4,0.4,9.8,7.1,8.0,11.0,7.9,20.9,14.7,14.6,
95401,2017,39229.0,47.5,52.5,6.9,8.0,5.1,6.6,6.7,15.7,15.7,12.2,6.3,5.5,7.1,2.7,1.6,
95401,2018,38986.0,47.9,52.1,6.2,8.0,5.0,5.9,6.9,16.3,15.4,11.6,6.4,6.1,7.5,2.9,1.8,0.0
95401,2019,38839.0,48.4,51.6,5.9,6.5,5.4,5.2,6.9,16.6,14.2,12.8,6.7,6.3,8.5,3.1,1.7,
95401,2020,38872.0,47.2,52.8,6.3,6.4,6.1,4.9,6.2,15.3,14.2,11.3,7.2,6.8,9.8,3.4,1.9,
95401,2021,36820.0,48.7,51.3,4.6,5.5,6.5,5.4,5.6,15.2,13.8,13.1,7.5,7.0,10.3,3.9,1.5,
95401,2022,36905.0,49.5,50.5,4.5,5.2,6.5,5.2,6.4,16.1,13.2,12.2,8.1,6.1,10.5,4.4,1.6,
95403,2017,46288.0,50.7,49.3,6.2,6.3,6.1,5.1,7.1,15.8,12.4,12.8,7.4,6.0,8.3,3.7,2.8,
95403,2018,45355.0,49.5,50.5,5.6,6.1,6.7,5.2,6.8,15.9,12.8,13.0,6.8,5.9,8.3,4.1,2.9,0.0
95403,2019,45096.0,48.1,51.9,6.2,6.2,5.7,5.7,7.0,16.6,12.1,12.0,6.6,6.3,8.3,4.4,2.7,
95403,2020,44716.0,49.1,50.9,5.6,5.9,6.2,6.0,6.2,15.7,13.0,12.2,7.4,5.8,8.4,5.0,2.6,
95403,2021,46463.0,50.2,49.8,5.9,7.0,6.4,6.2,5.1,14.9,14.1,11.7,7.6,6.0,8.3,4.7,2.2,
95403,2022,44677.0,49.6,50.4,5.8,6.4,6.8,6.2,5.1,13.8,14.4,12.1,6.4,6.6,9.1,5.2,2.2,
95404,2017,41536.0,50.2,49.8,4.6,5.9,6.2,5.5,5.3,13.4,12.7,13.2,8.1,7.7,11.1,4.3,2.0,
95404,2018,40474.0,50.1,49.9,4.4,6.2,5.8,5.7,4.9,12.5,13.6,13.2,8.0,7.8,11.5,4.5,1.9,0.0
95404,2019,40497.0,50.1,49.9,5.1,5.7,6.1,5.1,5.4,12.5,14.4,13.7,7.7,7.6,10.7,4.1,1.8,
95404,2020,38462.0,48.4,51.6,5.2,5.7,6.5,5.4,5.7,12.1,15.4,12.8,7.3,6.8,10.8,4.1,2.3,
95404,2021,38028.0,48.6,51.4,5.1,5.2,6.7,5.7,5.8,11.7,14.6,14.3,6.1,6.4,11.7,4.3,2.5,
95404,2022,37437.0,49.3,50.7,5.1,5.0,6.4,5.4,5.3,11.3,15.4,15.1,5.6,5.9,12.3,4.7,2.7,
95405,2017,20994.0,46.9,53.1,5.4,4.0,4.9,5.0,4.0,14.6,10.8,14.7,7.6,8.4,12.2,5.3,3.1,
95405,2018,21448.0,46.3,53.7,6.3,3.6,4.5,4.6,4.3,15.6,10.6,14.1,7.9,8.0,12.4,5.1,3.0,0.0
95405,2019,21082.0,46.8,53.2,5.3,4.3,4.9,4.6,4.8,13.8,11.2,13.5,8.2,7.5,13.4,5.8,2.9,
95405,2020,22875.0,47.1,52.9,5.1,4.4,4.7,3.9,6.1,12.7,12.1,14.7,7.1,6.3,14.1,5.7,3.2,
95405,2021,23176.0,48.6,51.4,4.6,5.0,4.5,4.3,6.1,11.5,12.7,14.3,7.2,6.0,14.9,5.6,3.2,
95405,2022,23748.0,48.6,51.4,4.3,5.5,5.1,5.4,5.8,11.7,13.8,14.1,5.6,6.2,13.6,5.4,3.3,
95409,2017,26905.0,46.1,53.9,3.8,5.5,5.5,5.3,3.3,9.9,10.3,11.3,6.3,8.1,15.2,9.3,6.1,
95409,2018,27312.0,45.5,54.5,3.8,5.0,5.2,5.2,4.1,8.8,10.5,11.4,6.1,7.9,15.8,10.3,6.0,0.0
95409,2019,27186.0,45.5,54.5,4.0,4.9,4.6,5.0,3.8,8.7,10.4,10.9,6.4,8.1,16.4,11.3,5.6,
95409,2020,26739.0,47.5,52.5,3.8,4.7,5.0,5.7,3.8,9.5,10.5,11.4,5.6,6.8,16.6,10.7,5.8,
95409,2021,26179.0,47.5,52.5,3.6,4.9,5.3,5.4,3.8,8.4,11.5,9.8,6.9,7.2,17.3,10.6,5.3,
95409,2022,26158.0,47.8,52.2,3.3,4.3,5.2,5.5,3.8,8.2,12.0,9.8,7.1,6.7,17.5,11.6,5.1,
95412,2017,431.0,51.3,48.7,0.7,12.3,7.7,5.6,4.2,7.4,16.9,7.9,11.4,10.2,10.0,5.1,0.7,
95412,2018,402.0,55.0,45.0,0.5,3.5,5.5,4.5,6.2,10.0,10.7,10.4,11.7,7.7,15.9,12.4,1.0,0.0
95412,2019,397.0,54.2,45.8,0.5,4.5,5.3,7.1,0.8,10.1,11.3,10.3,8.1,5.8,24.4,11.3,0.5,
95412,2020,485.0,47.6,52.4,1.6,10.3,10.9,5.4,0.0,5.8,17.3,7.0,2.7,5.8,16.1,16.7,0.4,
95412,2021,341.0,44.0,56.0,0.0,10.0,8.8,5.0,0.0,0.0,18.8,11.4,2.1,7.6,12.6,23.8,0.0,
95412,2022,271.0,39.5,60.5,0.0,12.5,7.0,5.9,0.0,13.7,11.1,7.0,3.0,1.1,19.6,19.2,0.0,
95419,2021,213.0,81.2,18.8,0.0,0.0,0.0,8.0,0.0,0.0,0.0,15.5,5.6,29.6,29.6,11.7,0.0,
95419,2022,169.0,93.5,6.5,0.0,0.0,0.0,8.3,0.0,0.0,10.7,17.2,6.5,29.0,15.4,13.0,0.0,
95421,2017,1739.0,48.6,51.4,4.2,3.3,3.4,3.4,3.7,7.0,10.0,12.9,14.8,8.6,18.5,8.2,2.0,
95421,2018,1681.0,49.7,50.3,2.8,1.9,3.7,2.8,4.7,4.8,9.9,13.7,15.7,8.5,22.5,7.7,1.2,0.0
95421,2019,1808.0,50.8,49.2,4.8,2.0,4.2,2.7,4.0,5.8,11.6,12.7,12.1,8.4,23.2,7.2,1.3,
95421,2020,1662.0,49.5,50.5,4.0,2.9,4.2,2.2,4.6,3.8,12.5,14.1,10.8,8.9,21.6,9.0,1.4,
95421,2021,1743.0,51.3,48.7,5.2,1.4,3.2,1.9,6.4,8.1,9.7,11.8,11.4,9.1,21.3,9.1,1.4,
95421,2022,1679.0,51.1,48.9,6.0,2.1,3.1,2.3,3.4,10.4,9.9,14.0,9.7,8.1,21.4,7.9,1.7,
95422,2017,15360.0,51.4,48.6,6.7,7.6,6.1,7.0,5.6,12.5,10.0,13.4,8.8,5.5,11.4,4.1,1.1,
95422,2018,15550.0,49.9,50.1,6.3,8.4,7.0,5.9,4.7,14.0,9.9,13.7,7.9,5.5,11.2,3.9,1.5,0.0
95422,2019,15696.0,48.7,51.3,7.1,8.0,7.4,5.9,4.9,13.4,10.2,13.1,6.9,5.4,12.3,4.2,1.3,
95422,2020,15644.0,49.0,51.0,5.1,9.6,7.3,6.6,3.6,13.1,11.3,13.5,6.3,5.5,11.9,4.8,1.6,
95422,2021,16759.0,49.1,50.9,5.3,9.3,7.0,6.9,3.4,12.9,11.3,13.1,6.2,6.2,12.1,4.5,1.9,
95422,2022,16998.0,49.3,50.7,5.1,8.0,7.9,7.0,3.6,13.8,12.1,12.4,5.6,6.8,11.4,4.6,1.9,
95423,2017,3818.0,56.2,43.8,4.9,3.7,2.6,3.2,5.0,5.2,9.4,16.0,12.2,12.5,18.2,5.3,1.8,
95423,2018,3757.0,54.7,45.3,7.5,3.5,1.0,1.9,6.1,5.7,8.4,15.3,10.3,12.7,19.4,7.4,0.7,0.0
95423,2019,3751.0,54.0,46.0,7.6,4.2,2.1,2.8,5.5,6.2,6.7,17.2,12.0,11.0,18.4,6.1,0.2,
95423,2020,3597.0,51.5,48.5,6.4,4.2,1.8,3.9,2.6,8.7,6.4,18.1,11.7,7.5,19.3,6.5,2.8,
95423,2021,3244.0,50.3,49.7,5.7,2.8,2.2,4.3,4.8,8.0,8.2,13.4,7.6,11.5,19.6,8.1,3.9,
95423,2022,3322.0,49.1,50.9,3.7,4.5,3.4,6.1,4.6,4.7,9.2,11.6,8.1,9.4,21.2,9.9,3.6,
95425,2017,10571.0,46.7,53.3,5.7,5.7,7.4,6.8,5.2,9.7,13.7,12.4,6.3,7.5,11.3,6.1,2.2,
95425,2018,10586.0,47.6,52.4,5.3,6.8,7.1,4.2,5.2,10.8,13.2,11.2,5.9,9.7,12.4,5.9,2.3,0.0
95425,2019,10984.0,46.5,53.5,6.7,6.8,7.2,3.8,3.8,12.0,13.1,10.4,6.1,9.7,13.1,5.6,1.7,
95425,2020,11144.0,47.9,52.1,4.8,6.5,6.0,5.5,3.6,10.1,12.2,14.8,5.9,9.5,14.3,5.0,1.7,
95425,2021,11337.0,49.9,50.1,2.8,6.7,6.5,6.1,3.8,8.7,13.8,14.5,6.6,9.4,14.9,4.6,1.7,
95425,2022,11331.0,50.0,50.0,2.8,7.6,5.5,6.3,3.8,10.4,15.6,12.0,6.0,7.9,15.5,4.6,2.0,
95426,2017,1531.0,56.4,43.6,0.0,3.5,9.2,5.6,0.7,4.4,15.5,23.3,9.3,6.1,15.2,7.3,0.0,
95426,2018,1404.0,60.1,39.9,0.0,3.8,5.7,4.1,1.0,5.2,16.5,20.4,8.0,8.4,16.3,8.5,2.1,0.0
95426,2019,1350.0,58.4,41.6,0.0,4.2,1.9,4.2,1.3,5.4,16.0,20.9,8.7,11.9,17.0,6.0,2.5,
95426,2020,1124.0,58.9,41.1,0.0,4.8,3.2,7.8,0.2,3.1,20.5,23.3,2.4,10.7,17.7,3.8,2.5,
95426,2021,1362.0,59.0,41.0,2.0,5.2,1.6,7.0,0.1,2.3,15.6,18.8,9.3,14.0,17.4,4.7,1.9,
95426,2022,1178.0,60.5,39.5,3.0,7.6,4.1,5.2,0.1,1.3,16.4,10.2,12.6,12.4,19.6,5.2,2.4,
95430,2017,6.0,100.0,0.0,0.0,0.0,0.0,0.0,0.0,0.0,0.0,0.0,0.0,0.0,100.0,0.0,0.0,
95430,2018,7.0,100.0,0.0,0.0,0.0,0.0,0.0,0.0,0.0,0.0,0.0,0.0,0.0,100.0,0.0,0.0,0.0
95430,2019,7.0,100.0,0.0,0.0,0.0,0.0,0.0,0.0,0.0,0.0,0.0,0.0,0.0,100.0,0.0,0.0,
95430,2020,13.0,100.0,0.0,0.0,0.0,0.0,0.0,0.0,0.0,0.0,0.0,0.0,0.0,100.0,0.0,0.0,
95430,2021,15.0,100.0,0.0,0.0,0.0,0.0,0.0,0.0,0.0,0.0,0.0,0.0,0.0,100.0,0.0,0.0,
95430,2022,0.0,-666666666.0,-666666666.0,-666666666.0,-666666666.0,-666666666.0,-666666666.0,-666666666.0,-666666666.0,-666666666.0,-666666666.0,-666666666.0,-666666666.0,-666666666.0,-666666666.0,-666666666.0,
95436,2017,6227.0,51.7,48.3,3.5,3.8,4.3,4.5,3.5,8.7,11.7,17.2,10.2,11.8,14.3,5.0,1.7,
95436,2018,6352.0,51.0,49.0,3.3,3.7,3.6,4.8,3.7,9.6,12.4,15.3,9.7,11.8,15.0,6.1,1.0,0.0
95436,2019,6240.0,51.4,48.6,2.3,3.6,4.9,6.7,2.3,10.7,13.0,13.2,8.9,11.9,14.9,6.5,1.0,
95436,2020,6602.0,52.6,47.4,5.0,7.3,4.8,5.5,1.3,11.1,18.2,11.1,6.5,10.6,12.8,5.1,0.7,
95436,2021,6602.0,52.9,47.1,5.6,7.0,4.5,5.8,1.8,11.5,17.6,10.6,6.3,9.9,13.2,5.4,0.8,
95436,2022,6008.0,51.7,48.3,6.2,6.4,4.2,6.0,2.2,12.5,17.5,8.8,6.6,9.8,13.1,5.9,0.7,
95439,2017,725.0,62.1,37.9,5.7,13.9,1.1,3.9,3.2,20.6,7.7,13.9,3.0,6.8,10.9,4.4,5.0,
95439,2018,774.0,61.0,39.0,0.9,15.9,12.4,3.6,3.2,10.2,17.8,8.5,3.0,1.8,13.8,3.6,5.2,0.0
95439,2019,728.0,57.1,42.9,0.0,14.8,12.1,2.9,2.7,3.2,17.2,7.1,10.4,2.1,9.1,14.0,4.4,
95439,2020,444.0,58.3,41.7,7.2,11.7,15.5,0.0,4.1,0.0,24.8,5.2,5.6,0.0,12.2,13.7,0.0,
95439,2021,510.0,58.0,42.0,6.1,6.5,12.9,0.0,0.0,0.0,19.4,0.0,22.2,1.6,12.5,18.8,0.0,
95439,2022,782.0,50.0,50.0,3.8,6.8,11.5,0.0,0.0,0.0,24.3,2.6,18.3,0.0,16.0,16.8,0.0,
95441,2017,1889.0,59.2,40.8,4.1,5.7,3.8,3.4,6.8,15.2,13.2,11.6,11.6,7.9,8.5,5.0,3.1,
95441,2018,2053.0,57.6,42.4,5.7,6.1,3.4,4.9,8.1,15.0,10.8,11.4,9.7,7.9,9.6,4.9,2.4,0.0
95441,2019,1797.0,55.5,44.5,6.3,4.9,2.4,5.0,7.1,14.5,11.7,9.7,9.3,9.3,11.5,5.5,2.7,
95441,2020,1696.0,54.1,45.9,4.8,5.1,3.7,5.4,3.5,10.0,12.5,11.3,8.8,10.3,16.7,6.1,1.8,
95441,2021,1802.0,54.7,45.3,3.8,6.2,3.9,4.6,4.1,9.6,11.2,10.5,6.2,11.2,20.5,7.0,1.4,
95441,2022,1819.0,56.0,44.0,4.2,3.6,4.2,4.2,4.7,9.0,10.4,11.3,8.9,9.7,21.3,7.0,1.3,
95442,2017,3366.0,49.0,51.0,3.8,6.2,4.1,4.8,5.3,8.7,12.7,13.9,6.6,10.3,15.4,6.2,1.8,
95442,2018,3136.0,51.6,48.4,3.2,5.1,6.2,3.8,4.7,8.5,10.1,16.1,7.1,11.7,17.5,4.4,1.5,0.0
95442,2019,3213.0,47.5,52.5,4.6,5.6,6.1,3.8,5.5,7.4,12.9,17.3,4.4,9.0,15.0,3.1,5.5,
95442,2020,3143.0,52.0,48.0,6.5,3.8,3.2,1.8,3.7,5.0,9.6,15.7,21.5,8.4,15.3,3.1,2.4,
95442,2021,2521.0,52.6,47.4,0.7,2.9,3.3,3.1,3.7,5.1,5.0,18.5,25.6,12.9,12.5,3.6,3.0,
95442,2022,2592.0,53.2,46.8,1.4,2.2,4.6,1.4,0.9,4.7,6.9,18.4,24.2,15.9,13.9,3.2,2.3,
95444,2017,769.0,39.5,60.5,7.4,4.0,1.6,3.4,0.0,19.6,7.0,29.9,6.2,11.8,9.0,0.0,0.0,
95444,2018,715.0,31.0,69.0,8.1,10.6,2.2,5.0,0.0,18.9,6.6,24.9,6.9,4.2,12.6,0.0,0.0,0.0
95444,2019,705.0,37.2,62.8,6.2,5.0,0.0,2.7,3.8,27.1,4.8,26.2,5.4,6.2,12.5,0.0,0.0,
95444,2020,357.0,26.3,73.7,3.4,4.2,0.0,0.6,0.6,11.2,6.7,37.3,4.5,0.6,31.1,0.0,0.0,
95444,2021,559.0,25.2,74.8,3.8,9.8,2.5,2.0,2.3,2.5,5.0,29.2,2.1,12.3,28.4,0.0,0.0,
95444,2022,516.0,33.7,66.3,1.7,3.7,2.3,4.5,4.8,4.3,0.0,16.9,17.8,18.8,24.0,1.2,0.0,
95445,2017,1930.0,47.4,52.6,3.7,3.7,3.3,1.6,1.9,5.0,10.4,6.6,9.9,15.9,27.5,7.7,2.8,
95445,2018,2201.0,44.9,55.1,3.5,3.7,3.2,3.6,1.5,3.2,12.5,4.2,12.9,13.4,27.2,8.3,2.7,0.0
95445,2019,2257.0,45.3,54.7,3.4,3.9,3.2,3.5,1.2,4.2,12.4,3.2,10.5,12.4,30.3,9.3,2.4,
95445,2020,1989.0,44.7,55.3,2.7,3.5,2.9,3.3,1.4,5.5,11.6,0.2,13.9,11.9,32.9,9.7,0.7,
95445,2021,2134.0,46.9,53.1,2.8,4.3,4.4,7.5,0.0,7.9,12.7,2.0,13.2,8.7,26.6,9.6,0.5,
95445,2022,2012.0,48.7,51.3,1.1,4.1,5.9,6.7,0.0,7.9,9.7,5.7,14.0,9.3,25.6,9.8,0.1,
95446,2017,4728.0,54.0,46.0,2.6,1.9,3.7,3.0,4.9,13.8,10.4,18.5,7.5,11.7,15.3,4.6,2.1,
95446,2018,5100.0,51.4,48.6,1.8,2.6,5.0,4.3,3.4,12.7,12.7,16.3,7.1,9.4,16.2,5.7,2.6,0.0
95446,2019,5168.0,51.7,48.3,2.1,2.6,4.5,3.3,2.1,10.7,11.7,19.2,8.5,9.5,16.0,7.6,2.1,
95446,2020,4951.0,51.9,48.1,1.5,1.9,4.7,3.4,1.4,12.1,11.8,17.3,7.1,10.0,19.3,7.1,2.5,
95446,2021,4781.0,56.7,43.3,1.2,2.5,3.2,3.7,2.2,14.9,10.7,16.1,8.6,8.6,20.7,5.9,1.7,
95446,2022,4709.0,56.4,43.6,1.0,1.8,4.0,3.9,3.0,13.8,9.4,13.5,10.1,9.6,22.7,5.5,1.5,
95448,2017,17666.0,49.7,50.3,3.9,4.5,5.1,5.0,6.3,11.1,10.4,13.5,7.7,9.6,14.6,5.6,2.6,
95448,2018,17482.0,48.8,51.2,3.7,4.4,5.6,4.9,5.1,11.1,9.0,14.4,7.3,10.2,15.3,6.8,2.4,0.0
95448,2019,17407.0,49.7,50.3,4.2,3.4,4.5,5.5,4.5,10.4,10.9,14.2,8.4,9.4,16.2,6.5,2.0,
95448,2020,17353.0,48.5,51.5,5.8,4.2,4.6,3.6,4.2,11.1,13.4,12.6,6.8,7.9,17.4,6.1,2.3,
95448,2021,16596.0,48.5,51.5,5.4,3.9,4.5,4.2,3.9,10.2,13.8,11.8,6.0,8.9,18.2,6.9,2.3,
95448,2022,16745.0,48.3,51.7,4.9,3.3,4.1,5.5,4.2,11.2,12.2,12.4,6.4,8.5,17.9,7.4,2.0,
95449,2017,1794.0,54.6,45.4,8.1,9.4,5.4,3.4,8.2,15.0,7.0,12.2,10.1,9.2,6.7,4.6,0.7,
95449,2018,1656.0,55.3,44.7,8.4,11.5,4.6,2.8,6.5,19.4,6.2,10.9,10.1,7.7,8.2,3.0,0.7,0.0
95449,2019,1560.0,53.7,46.3,7.4,8.7,3.0,2.5,5.1,20.0,7.1,8.3,13.7,10.9,10.8,2.3,0.2,
95449,2020,1393.0,53.3,46.7,5.0,5.6,3.9,2.4,3.9,17.0,11.3,9.5,11.3,13.7,14.0,1.8,0.6,
95449,2021,1460.0,55.5,44.5,3.4,5.5,4.5,2.9,1.7,17.3,14.9,7.5,9.5,14.6,15.3,2.3,0.5,
95449,2022,1785.0,58.3,41.7,7.1,3.8,6.3,1.7,5.4,16.6,17.9,6.4,7.1,10.5,14.2,2.5,0.4,
95450,2017,285.0,59.3,40.7,1.4,0.4,0.0,0.7,3.2,8.8,8.8,19.3,9.5,18.2,22.5,4.9,2.5,
95450,2018,298.0,56.0,44.0,2.3,5.0,2.0,1.0,4.0,9.1,13.4,21.1,12.1,9.7,12.4,6.0,1.7,0.0
95450,2019,227.0,49.8,50.2,0.0,5.7,2.6,1.3,3.5,13.2,13.2,10.1,15.4,8.4,16.3,7.0,3.1,
95450,2020,223.0,46.2,53.8,0.0,5.4,2.7,1.3,7.2,8.5,13.5,10.8,6.3,14.3,13.9,13.5,2.7,
95450,2021,212.0,54.2,45.8,0.0,6.6,3.3,1.9,9.9,10.4,11.3,11.3,2.8,17.9,13.2,10.4,0.9,
95450,2022,272.0,47.8,52.2,0.0,7.0,5.5,4.0,1.5,2.6,11.8,15.8,6.6,11.0,16.9,10.7,6.6,
95451,2017,12016.0,46.7,53.3,7.1,5.4,4.4,5.4,3.5,11.0,13.0,12.1,6.9,10.3,13.7,5.7,1.8,
95451,2018,11627.0,46.4,53.6,6.7,5.5,3.6,5.3,4.0,11.2,11.9,11.5,8.3,9.2,14.5,6.5,1.8,0.0
95451,2019,11603.0,48.9,51.1,6.5,5.0,4.5,4.9,5.5,10.6,13.7,9.7,8.6,8.9,14.3,6.2,1.7,
95451,2020,12031.0,48.2,51.8,8.2,5.4,4.2,3.9,6.6,12.0,11.1,8.6,7.9,9.0,14.3,7.6,1.3,
95451,2021,12611.0,49.6,50.4,8.1,7.1,4.5,2.5,5.6,13.7,10.6,8.8,7.6,8.2,13.8,7.9,1.7,
95451,2022,12957.0,49.4,50.6,6.1,5.3,5.3,4.8,6.0,12.7,10.2,10.6,8.1,6.9,14.4,7.7,1.7,
95452,2017,1276.0,40.4,59.6,8.1,5.6,1.7,2.3,4.2,2.4,5.9,9.0,16.2,11.5,14.8,14.5,3.8,
95452,2018,970.0,46.9,53.1,3.0,0.0,1.9,2.5,6.4,7.3,0.0,3.8,18.8,17.6,18.4,18.7,1.8,0.0
95452,2019,919.0,46.6,53.4,6.2,0.0,2.1,2.5,4.1,9.0,0.0,5.0,9.6,14.8,20.1,22.6,3.9,
95452,2020,740.0,41.6,58.4,0.0,0.0,0.0,1.4,0.0,7.8,0.0,8.1,5.0,18.9,32.2,22.0,4.6,
95452,2021,1360.0,43.9,56.1,5.4,2.4,1.8,0.5,0.0,32.4,12.9,5.8,4.6,9.6,14.6,8.5,1.5,
95452,2022,1240.0,47.3,52.7,5.0,3.1,2.0,0.6,0.0,36.2,13.6,8.1,3.4,4.8,14.1,7.3,1.6,
95457,2017,3058.0,50.8,49.2,1.6,4.5,8.6,2.1,4.0,5.5,8.2,20.6,6.2,8.4,20.3,8.0,2.1,
95457,2018,3330.0,50.5,49.5,4.1,5.3,7.1,3.3,4.1,7.9,8.0,15.8,5.7,10.8,19.2,7.2,1.4,0.0
95457,2019,3227.0,48.7,51.3,5.3,5.2,6.4,4.6,2.8,7.1,7.7,8.6,6.0,14.4,20.6,9.8,1.5,
95457,2020,3061.0,48.5,51.5,4.6,4.3,5.4,4.0,3.0,6.5,6.6,7.9,10.5,12.7,23.5,10.5,0.5,
95457,2021,3178.0,47.8,52.2,3.2,3.9,5.0,3.8,3.3,6.9,6.3,8.7,12.2,13.2,22.9,9.8,0.6,
95457,2022,3252.0,42.8,57.2,5.1,5.8,3.8,5.7,2.6,8.8,6.0,9.2,12.7,11.3,18.6,10.0,0.4,
95461,2017,2497.0,50.9,49.1,1.9,4.1,5.4,6.1,6.4,10.7,9.0,14.3,9.4,10.5,12.9,7.6,1.7,
95461,2018,2440.0,49.7,50.3,3.4,4.9,5.7,7.5,6.4,9.5,9.9,9.2,7.4,12.5,14.0,6.4,3.4,0.0
95461,2019,2567.0,46.9,53.1,0.0,7.6,5.9,6.0,0.5,14.3,11.3,12.8,4.6,12.7,14.9,6.3,3.1,
95461,2020,2714.0,46.8,53.2,0.0,5.0,7.6,1.9,1.0,17.7,4.2,12.0,6.6,15.6,18.5,7.0,2.9,
95461,2021,3551.0,50.6,49.4,4.6,2.8,7.8,5.6,2.6,15.2,6.3,13.6,3.4,13.9,17.1,5.2,1.8,
95461,2022,3909.0,49.5,50.5,5.7,2.4,7.5,5.0,3.2,15.8,6.4,12.9,5.1,12.2,18.2,3.9,1.7,
95462,2017,1151.0,56.8,43.2,0.0,5.9,3.0,1.9,2.3,9.3,9.8,18.4,11.5,9.6,21.2,7.1,0.0,
95462,2018,1265.0,52.7,47.3,0.0,6.4,6.1,1.3,2.9,10.1,8.4,17.5,8.5,9.6,22.0,6.2,0.9,0.0
95462,2019,1124.0,55.2,44.8,0.4,6.2,7.0,1.9,2.2,12.5,7.7,14.9,7.8,10.9,23.6,3.8,1.1,
95462,2020,1224.0,55.8,44.2,1.9,5.8,5.2,2.8,2.5,8.7,6.9,10.1,9.4,12.6,25.9,2.8,5.3,
95462,2021,1111.0,55.2,44.8,0.7,3.7,6.4,4.2,0.9,10.5,4.9,9.2,10.6,17.9,24.1,0.5,6.3,
95462,2022,1091.0,52.4,47.6,0.2,1.5,4.8,6.0,1.6,6.0,8.3,8.7,11.6,18.8,25.5,0.5,6.4,
95465,2017,2041.0,48.5,51.5,1.3,3.9,6.9,3.2,2.5,13.8,12.7,13.1,5.8,12.2,21.0,2.8,0.9,
95465,2018,2104.0,49.5,50.5,1.6,3.8,5.6,1.3,1.3,13.5,11.6,13.6,5.2,13.1,23.5,5.0,0.9,0.0
95465,2019,2244.0,49.1,50.9,2.1,4.5,7.8,1.4,0.0,13.5,12.3,12.0,4.3,12.2,23.7,5.8,0.4,
95465,2020,1908.0,49.1,50.9,0.6,4.4,8.4,1.5,0.3,18.1,5.8,18.0,2.8,9.1,26.5,3.7,0.9,
95465,2021,1316.0,45.2,54.8,1.1,4.4,7.4,1.3,0.3,14.3,8.5,11.1,4.9,6.4,33.4,5.5,1.4,
95465,2022,1251.0,45.5,54.5,2.5,4.7,6.6,2.0,3.4,15.3,7.1,17.5,3.8,5.3,23.2,7.6,1.0,
95467,2017,5735.0,45.6,54.4,3.6,7.6,9.6,3.9,5.8,7.2,13.5,12.8,6.6,9.9,12.1,6.2,1.2,
95467,2018,6044.0,48.7,51.3,4.6,6.8,9.5,4.7,6.6,7.0,13.7,12.4,7.0,9.0,10.8,6.2,1.6,0.0
95467,2019,5506.0,47.9,52.1,3.6,7.7,9.7,5.2,5.2,6.2,13.6,14.9,5.5,10.0,9.9,6.7,1.7,
95467,2020,5909.0,49.9,50.1,3.0,9.5,7.8,4.9,8.1,6.9,13.5,12.0,4.1,9.9,12.1,6.4,1.7,
95467,2021,6109.0,47.8,52.2,2.0,10.0,9.5,5.4,7.0,6.8,13.5,12.6,5.4,6.9,11.1,8.2,1.7,
95467,2022,5795.0,51.5,48.5,3.7,9.0,8.2,4.1,5.7,8.4,11.9,8.9,5.4,6.1,16.4,9.9,2.2,
95471,2017,630.0,55.7,44.3,9.4,12.5,8.6,0.0,8.1,10.8,17.5,3.8,12.7,3.8,12.9,0.0,0.0,
95471,2018,470.0,51.5,48.5,6.2,11.5,5.7,2.6,5.5,6.0,12.1,7.9,16.6,5.7,20.2,0.0,0.0,0.0
95471,2019,573.0,41.4,58.6,12.4,5.2,5.6,8.6,5.6,11.2,5.9,7.3,3.7,6.1,22.5,5.9,0.0,
95471,2020,569.0,43.2,56.8,10.4,5.1,5.1,12.1,4.7,9.3,4.4,5.4,4.9,11.2,21.8,5.4,0.0,
95471,2021,809.0,43.6,56.4,3.2,1.0,6.1,10.9,4.1,5.8,11.1,16.6,3.7,9.5,19.9,4.9,3.2,
95471,2022,780.0,46.3,53.7,3.3,0.9,6.4,10.3,0.0,11.4,10.9,8.6,3.7,9.6,16.2,15.3,3.5,
95472,2017,30723.0,48.8,51.2,3.7,3.9,4.1,5.2,3.1,12.3,10.4,14.8,8.2,10.5,16.0,5.4,2.5,
95472,2018,30762.0,48.8,51.2,3.5,3.7,4.2,5.4,3.7,11.0,9.9,14.2,8.5,9.8,17.7,5.8,2.5,0.0
95472,2019,30736.0,47.5,52.5,3.5,4.0,4.0,5.5,4.1,10.7,9.9,14.4,8.4,9.0,17.7,6.6,2.3,
95472,2020,29690.0,47.5,52.5,3.8,5.5,3.9,5.1,4.4,9.1,9.9,14.2,8.0,8.8,18.2,6.5,2.6,
95472,2021,29753.0,47.4,52.6,3.9,4.8,4.2,5.3,4.1,9.9,10.4,15.0,7.1,8.9,18.3,5.8,2.3,
95472,2022,28443.0,48.2,51.8,3.4,4.9,4.1,5.4,3.9,9.1,9.9,14.2,6.9,8.6,20.0,7.1,2.6,
95476,2017,37187.0,49.4,50.6,4.8,4.5,6.5,5.1,4.9,9.2,12.0,12.6,7.6,9.6,13.0,6.8,3.5,
95476,2018,36792.0,49.9,50.1,4.9,4.1,6.0,5.2,4.6,9.3,11.7,12.9,7.1,10.0,12.9,7.7,3.7,0.0
95476,2019,36586.0,48.5,51.5,4.6,4.1,5.6,5.9,4.6,8.3,11.3,13.2,6.9,9.3,14.8,7.9,3.4,
95476,2020,37150.0,48.1,51.9,4.4,3.9,4.4,5.0,4.6,9.7,10.9,12.2,7.9,9.1,15.4,7.5,5.1,
95476,2021,36578.0,47.7,52.3,5.2,4.2,4.2,4.3,4.7,10.3,10.5,10.9,8.0,9.1,16.3,8.0,4.5,
95476,2022,36386.0,47.9,52.1,4.9,3.9,4.4,4.5,4.6,9.0,11.0,12.1,6.7,8.9,16.8,8.6,4.5,
95486,2017,79.0,63.3,36.7,0.0,0.0,0.0,0.0,17.7,20.3,24.1,0.0,0.0,0.0,38.0,0.0,0.0,
95486,2018,73.0,76.7,23.3,0.0,0.0,0.0,0.0,21.9,0.0,31.5,0.0,0.0,0.0,46.6,0.0,0.0,0.0
95486,2019,51.0,66.7,33.3,0.0,0.0,0.0,0.0,31.4,0.0,0.0,0.0,0.0,0.0,68.6,0.0,0.0,
95486,2020,44.0,65.9,34.1,0.0,0.0,0.0,0.0,31.8,0.0,0.0,0.0,0.0,0.0,68.2,0.0,0.0,
95486,2021,49.0,73.5,26.5,0.0,0.0,0.0,0.0,24.5,0.0,0.0,0.0,20.4,0.0,55.1,0.0,0.0,
95486,2022,27.0,100.0,0.0,0.0,0.0,0.0,0.0,59.3,0.0,0.0,0.0,40.7,0.0,0.0,0.0,0.0,
95492,2017,29590.0,50.8,49.2,4.7,6.4,7.5,9.0,5.8,9.6,12.9,16.3,7.3,6.8,7.8,4.6,1.4,
95492,2018,29920.0,50.5,49.5,3.9,6.7,7.3,8.8,5.1,10.6,13.3,15.2,7.5,6.7,8.4,4.5,2.0,0.0
95492,2019,29271.0,50.9,49.1,4.3,7.4,7.3,8.3,5.0,11.2,12.7,15.3,6.7,6.8,8.5,4.6,2.1,
95492,2020,29502.0,50.0,50.0,4.1,7.4,6.6,8.6,5.2,10.1,12.9,15.1,7.7,7.2,9.3,3.8,2.1,
95492,2021,28635.0,49.6,50.4,4.2,6.8,6.9,8.5,5.6,10.0,13.2,15.2,8.4,6.7,9.1,3.6,1.8,
95492,2022,28096.0,50.1,49.9,4.6,6.7,6.3,7.7,5.7,11.1,12.4,14.9,8.3,6.7,9.4,4.0,2.1,
95497,2017,1137.0,38.1,61.9,0.0,2.9,1.4,1.2,0.0,4.7,0.0,7.1,4.0,15.9,31.8,26.0,4.9,
95497,2018,1161.0,39.5,60.5,1.2,4.0,4.1,1.3,0.0,5.0,2.9,7.2,4.0,12.4,32.1,20.3,5.3,0.0
95497,2019,1134.0,42.8,57.2,1.1,4.0,4.3,0.0,0.0,6.8,4.1,6.3,5.4,14.5,31.3,19.7,2.7,
95497,2020,1156.0,46.4,53.6,1.1,4.1,4.2,0.0,0.0,4.3,4.1,6.1,5.7,11.8,36.0,17.3,5.4,
95497,2021,1078.0,47.2,52.8,1.3,1.1,4.8,0.0,0.0,1.4,4.1,6.0,7.6,13.8,35.4,18.6,5.8,
95497,2022,1224.0,51.4,48.6,1.3,1.1,3.4,0.0,0.0,3.1,4.2,3.1,6.1,14.4,38.1,16.9,8.3,
95606,2017,211.0,53.1,46.9,0.0,4.7,0.0,0.0,0.5,9.0,15.6,17.1,0.0,17.1,21.8,14.2,0.0,
95606,2018,240.0,49.6,50.4,0.0,4.6,0.0,0.0,0.8,9.2,14.6,16.7,0.0,23.3,18.8,12.1,0.0,0.0
95606,2019,249.0,49.0,51.0,0.0,4.0,0.0,0.0,0.8,11.2,14.1,16.5,0.0,24.5,18.1,10.8,0.0,
95606,2020,303.0,49.2,50.8,0.0,6.3,0.0,0.0,0.3,8.3,14.2,17.2,0.0,22.8,24.1,6.9,0.0,
95606,2021,202.0,44.6,55.4,0.0,10.9,0.0,0.0,1.0,1.5,11.9,12.9,0.0,9.4,33.7,18.8,0.0,
95606,2022,185.0,49.7,50.3,1.1,3.2,1.1,0.0,0.0,3.8,0.0,0.0,0.0,34.1,46.5,10.3,0.0,
95607,2017,415.0,65.1,34.9,0.0,0.0,4.1,1.4,2.4,17.3,0.0,15.9,21.9,7.5,25.1,4.3,0.0,
95607,2018,327.0,55.0,45.0,0.0,0.0,5.8,2.8,3.7,3.7,0.0,22.9,4.6,11.0,36.7,8.9,0.0,0.0
95607,2019,389.0,53.5,46.5,0.0,0.0,4.6,2.1,2.6,3.3,0.0,22.6,11.1,5.7,38.0,10.0,0.0,
95607,2020,303.0,50.5,49.5,0.0,0.0,0.0,4.3,5.0,0.0,0.0,14.5,13.2,3.3,40.3,19.5,0.0,
95607,2021,201.0,60.2,39.8,0.0,0.0,0.0,6.0,6.0,0.0,0.0,21.4,6.5,4.0,27.4,20.4,8.5,
95607,2022,235.0,45.1,54.9,0.0,0.0,0.0,0.0,0.0,0.0,0.0,19.1,14.0,8.9,26.8,15.7,15.3,
95616,2017,50068.0,45.9,54.1,2.5,2.9,3.0,17.8,30.2,12.7,7.3,6.4,3.7,3.6,4.9,3.3,1.7,
95616,2018,52088.0,47.1,52.9,2.4,2.9,2.8,17.3,32.2,12.9,6.7,6.1,3.1,3.5,5.0,3.5,1.6,0.0
95616,2019,52212.0,46.3,53.7,2.4,2.8,2.7,17.6,32.0,13.2,6.4,6.2,3.1,3.3,5.4,3.3,1.5,
95616,2020,53805.0,45.4,54.6,2.3,2.5,3.0,17.9,31.2,13.1,6.0,6.5,2.6,3.2,6.6,3.4,1.6,
95616,2021,52779.0,46.2,53.8,2.1,2.9,2.9,18.4,30.5,12.6,6.1,7.1,2.9,3.0,7.0,2.7,1.7,
95616,2022,52090.0,46.7,53.3,2.0,3.0,3.2,16.9,31.0,12.6,6.5,6.9,2.6,3.2,7.4,3.0,1.8,
95620,2017,21588.0,50.5,49.5,5.8,7.7,9.8,6.8,7.7,12.8,14.0,12.7,5.2,5.7,6.9,4.5,0.6,
95620,2018,21854.0,50.9,49.1,5.8,7.8,9.0,6.8,8.0,13.5,12.9,12.0,5.9,5.4,6.9,4.8,1.1,0.0
95620,2019,21954.0,51.0,49.0,4.8,7.5,9.0,7.2,7.9,13.4,12.9,12.4,5.9,5.3,7.4,4.9,1.5,
95620,2020,22312.0,50.1,49.9,5.8,7.7,8.8,6.7,8.1,15.1,12.6,10.7,5.8,4.7,8.7,3.5,1.8,
95620,2021,21494.0,51.3,48.7,6.0,7.2,8.1,7.6,7.4,13.8,12.9,11.8,5.6,5.7,8.8,3.4,1.7,
95620,2022,22004.0,50.4,49.6,6.7,7.5,7.9,7.0,7.2,14.5,12.6,12.4,5.6,5.4,8.7,2.9,1.6,
95625,2017,88.0,69.3,30.7,0.0,0.0,0.0,0.0,0.0,9.1,0.0,10.2,9.1,50.0,21.6,0.0,0.0,
95625,2018,67.0,88.1,11.9,0.0,0.0,0.0,0.0,0.0,11.9,0.0,13.4,13.4,61.2,0.0,0.0,0.0,0.0
95625,2019,74.0,90.5,9.5,0.0,0.0,0.0,0.0,0.0,9.5,0.0,21.6,10.8,58.1,0.0,0.0,0.0,
95625,2020,175.0,68.0,32.0,0.0,0.0,0.0,0.0,0.0,46.9,0.0,19.4,0.0,33.7,0.0,0.0,0.0,
95625,2021,152.0,66.4,33.6,0.0,0.0,0.0,0.0,0.0,48.0,0.0,23.0,0.0,28.9,0.0,0.0,0.0,
95625,2022,88.0,53.4,46.6,0.0,0.0,0.0,0.0,0.0,72.7,0.0,27.3,0.0,0.0,0.0,0.0,0.0,
95627,2017,3892.0,48.7,51.3,11.5,9.1,5.2,7.3,7.1,12.4,16.0,9.5,3.4,3.8,8.9,4.3,1.3,
95627,2018,4263.0,48.4,51.6,13.7,9.1,6.9,7.3,4.6,15.6,15.2,7.7,3.6,2.8,8.2,4.4,1.0,0.0
95627,2019,3802.0,47.4,52.6,10.3,8.3,7.4,9.7,5.2,15.9,13.3,9.4,2.9,3.6,8.9,3.4,1.7,
95627,2020,4516.0,46.3,53.7,15.7,10.5,5.2,6.4,6.5,16.3,10.8,8.1,5.6,1.6,8.5,3.3,1.5,
95627,2021,4214.0,48.7,51.3,14.8,9.6,5.7,6.4,5.4,17.7,10.7,7.9,6.0,2.8,8.3,3.3,1.3,
95627,2022,4137.0,51.4,48.6,13.3,9.1,8.7,5.7,5.4,16.1,11.6,7.5,6.2,3.4,7.9,3.6,1.5,
95637,2017,315.0,61.9,38.1,0.0,9.8,9.8,6.0,11.7,20.6,0.0,21.3,0.0,4.1,12.7,3.8,0.0,
95637,2018,227.0,64.3,35.7,0.0,14.1,14.1,0.0,0.0,26.4,0.0,19.4,0.0,0.0,20.3,5.7,0.0,0.0
95637,2019,268.0,59.7,40.3,0.0,11.6,11.6,0.0,0.0,25.7,0.0,22.4,0.0,3.4,12.3,13.1,0.0,
95637,2020,140.0,50.0,50.0,8.6,10.7,0.0,0.0,0.0,25.0,0.0,10.0,0.0,5.0,20.0,20.7,0.0,
95637,2021,142.0,47.9,52.1,9.2,8.5,0.0,0.0,0.0,24.6,0.0,10.6,0.0,6.3,27.5,13.4,0.0,
95637,2022,276.0,49.6,50.4,4.7,4.3,0.0,0.0,0.0,36.2,0.0,16.7,0.0,8.0,22.1,8.0,0.0,
95653,2017,727.0,56.9,43.1,2.8,9.9,12.8,11.0,5.0,16.2,20.1,7.3,3.6,6.1,5.4,0.0,0.0,
95653,2018,563.0,61.6,38.4,0.0,6.9,16.7,13.1,6.4,13.0,24.9,3.0,4.1,4.8,7.1,0.0,0.0,0.0
95653,2019,581.0,48.0,52.0,0.0,4.6,12.2,15.7,1.5,14.8,16.5,7.2,7.4,9.6,10.3,0.0,0.0,
95653,2020,502.0,44.4,55.6,0.0,5.2,10.4,10.0,0.2,7.0,15.1,5.6,4.8,4.0,30.1,0.0,7.8,
95653,2021,478.0,48.1,51.9,0.0,6.1,11.5,9.6,0.0,5.0,16.5,7.7,5.2,0.0,29.3,1.5,7.5,
95653,2022,455.0,38.9,61.1,0.0,0.0,0.0,5.7,0.0,18.7,7.0,14.7,5.9,5.9,31.9,1.8,8.4,
95679,2017,64.0,62.5,37.5,0.0,0.0,25.0,0.0,0.0,0.0,0.0,43.8,0.0,15.6,0.0,0.0,15.6,
95679,2018,71.0,62.0,38.0,0.0,0.0,25.4,0.0,0.0,0.0,0.0,43.7,0.0,15.5,0.0,0.0,15.5,0.0
95679,2019,56.0,55.4,44.6,0.0,0.0,30.4,0.0,0.0,0.0,0.0,51.8,17.9,0.0,0.0,0.0,0.0,
95679,2020,63.0,60.3,39.7,0.0,0.0,31.7,0.0,0.0,0.0,0.0,57.1,11.1,0.0,0.0,0.0,0.0,
95679,2021,169.0,72.8,27.2,0.0,17.2,8.9,0.0,0.0,0.0,26.6,16.0,18.9,0.0,12.4,0.0,0.0,
95679,2022,131.0,73.3,26.7,0.0,20.6,0.0,0.0,0.0,0.0,32.8,0.0,26.7,0.0,19.8,0.0,0.0,
95687,2017,67504.0,52.5,47.5,5.4,6.6,6.0,5.9,7.3,15.1,12.5,14.4,7.0,6.1,7.8,4.0,1.9,
95687,2018,68069.0,52.7,47.3,5.2,6.5,5.9,5.8,6.8,16.0,12.8,14.0,6.7,6.1,8.1,4.2,1.9,0.0
95687,2019,69060.0,52.7,47.3,5.3,6.8,6.0,5.6,6.5,15.9,13.0,13.6,6.6,6.2,8.5,4.1,2.0,
95687,2020,69073.0,53.5,46.5,5.5,6.4,5.5,5.3,6.1,16.9,13.0,13.6,6.4,6.4,8.8,4.4,1.8,
95687,2021,69825.0,54.0,46.0,5.5,5.9,5.2,5.3,6.0,17.4,13.5,12.8,6.5,6.7,9.2,4.3,1.6,
95687,2022,68996.0,53.6,46.4,5.7,6.3,5.1,5.8,5.6,18.0,13.9,11.4,6.3,7.1,9.2,4.1,1.6,
95688,2017,36745.0,50.6,49.4,6.1,5.6,7.7,6.4,6.3,13.2,12.2,15.0,7.2,5.9,8.8,3.7,1.8,
95688,2018,37227.0,50.0,50.0,5.7,6.0,8.4,6.2,6.3,13.3,11.8,13.9,7.7,6.2,9.3,3.5,1.8,0.0
95688,2019,37260.0,49.7,50.3,6.2,5.8,7.4,5.7,6.3,13.7,12.1,14.0,7.5,6.2,9.5,3.7,1.7,
95688,2020,38114.0,49.3,50.7,6.2,7.2,6.2,5.5,6.4,12.6,12.2,13.4,8.1,5.8,10.3,4.3,1.9,
95688,2021,39967.0,48.6,51.4,6.2,7.6,6.5,5.8,7.1,11.6,12.9,12.6,8.1,6.0,9.9,4.0,1.7,
95688,2022,40147.0,48.8,51.2,5.9,7.6,6.9,6.1,7.4,10.8,13.6,11.3,7.9,6.2,9.9,4.7,1.9,
95694,2017,10310.0,49.9,50.1,6.7,6.9,6.8,7.1,6.3,12.1,13.1,13.0,9.1,7.7,8.3,2.0,1.1,
95694,2018,10386.0,49.5,50.5,7.4,5.2,6.3,6.9,7.6,12.0,11.3,15.0,8.7,7.4,8.4,2.3,1.3,0.0
95694,2019,10495.0,50.2,49.8,8.1,6.2,7.1,6.3,7.3,12.4,11.8,12.3,8.9,7.9,7.8,2.6,1.2,
95694,2020,10549.0,51.2,48.8,5.6,5.8,5.9,6.5,8.0,11.8,13.8,16.5,7.5,7.3,7.0,3.7,0.7,
95694,2021,9858.0,51.4,48.6,5.9,4.5,5.2,8.3,8.3,12.2,11.4,17.5,10.0,4.9,6.8,4.3,0.9,
95694,2022,9600.0,51.0,49.0,5.3,3.9,6.3,9.2,8.0,11.4,12.8,18.2,9.6,4.1,6.3,4.0,1.0,
95695,2017,40121.0,48.6,51.4,5.8,6.5,6.9,6.2,6.9,13.3,13.1,13.1,5.8,6.8,8.8,4.2,2.5,
95695,2018,40857.0,48.0,52.0,6.0,6.8,7.2,6.4,6.4,13.1,13.0,12.9,5.5,6.2,9.4,4.3,2.8,0.0
95695,2019,41278.0,48.8,51.2,5.9,7.0,7.2,6.3,6.3,13.1,13.0,12.8,6.0,5.6,9.6,4.6,2.5,
95695,2020,40340.0,49.2,50.8,6.0,7.9,6.4,6.2,6.4,14.0,14.0,12.2,5.6,5.8,9.3,3.8,2.4,
95695,2021,40479.0,49.5,50.5,6.1,8.0,6.9,5.7,6.8,13.0,14.5,11.1,5.6,5.7,10.3,4.1,2.1,
95695,2022,39892.0,49.1,50.9,5.7,7.8,6.6,5.1,6.5,13.6,14.5,11.4,5.7,5.9,10.8,4.4,2.1,
95697,2017,392.0,55.9,44.1,0.0,4.1,13.5,6.6,11.7,4.8,4.3,24.2,8.9,4.6,15.1,2.0,0.0,
95697,2018,420.0,57.1,42.9,0.0,4.3,13.6,7.9,15.0,5.2,4.3,16.4,6.4,4.0,16.4,6.4,0.0,0.0
95697,2019,183.0,63.9,36.1,0.0,0.0,0.0,7.7,23.0,0.0,0.0,18.0,5.5,0.0,32.8,13.1,0.0,
95697,2020,188.0,66.5,33.5,0.0,0.0,0.0,8.5,24.5,0.0,0.0,20.7,0.0,0.0,31.4,14.9,0.0,
95697,2021,243.0,72.8,27.2,0.0,0.0,0.0,9.5,38.7,0.0,0.0,23.0,0.0,0.0,19.8,9.1,0.0,
95697,2022,281.0,58.4,41.6,7.5,8.2,16.4,18.5,14.6,0.0,22.1,5.0,0.0,0.0,3.6,4.3,0.0,
95698,2017,215.0,56.3,43.7,0.0,0.0,15.8,7.9,0.0,0.0,18.1,7.9,31.6,0.0,14.4,4.2,0.0,
95698,2018,179.0,55.9,44.1,0.0,0.0,20.1,8.4,0.0,0.0,22.3,10.1,34.1,0.0,0.0,5.0,0.0,0.0
95698,2019,148.0,62.8,37.2,0.0,0.0,0.0,0.0,0.0,0.0,14.2,16.2,43.2,13.5,6.1,6.8,0.0,
95698,2020,193.0,59.6,40.4,0.0,0.0,0.0,0.0,0.0,0.0,10.4,12.4,29.0,9.3,38.9,0.0,0.0,
95698,2021,213.0,55.9,44.1,7.0,6.6,0.0,0.0,0.0,13.6,0.0,13.1,8.9,12.2,33.8,0.0,4.7,
95698,2022,196.0,51.0,49.0,7.7,7.1,0.0,0.0,0.0,13.8,0.0,14.3,0.0,13.8,38.3,0.0,5.1,
95912,2017,4830.0,49.9,50.1,8.0,7.3,8.1,11.3,6.1,14.2,9.3,13.8,5.9,4.0,7.9,2.9,1.2,
95912,2018,5010.0,53.1,46.9,7.4,8.1,7.3,10.0,5.1,17.0,9.7,13.1,6.0,3.7,8.7,2.6,1.3,0.0
95912,2019,5380.0,51.5,48.5,7.3,6.5,8.7,10.2,6.4,13.3,12.8,10.4,7.5,4.5,8.5,2.2,1.5,
95912,2020,5112.0,51.1,48.9,7.9,5.9,7.4,8.2,7.8,14.6,12.6,8.9,6.4,8.9,6.7,2.1,2.5,
95912,2021,4782.0,52.4,47.6,8.7,5.3,7.4,7.8,8.6,13.7,12.1,9.0,6.7,9.9,7.4,1.1,2.3,
95912,2022,4908.0,52.5,47.5,6.9,6.1,7.6,6.3,8.9,14.2,12.9,9.9,4.7,11.0,6.6,2.4,2.5,
95932,2017,7669.0,52.2,47.8,8.3,9.8,6.8,5.8,7.6,11.5,12.8,9.5,8.5,4.3,9.6,4.8,0.8,
95932,2018,7742.0,52.0,48.0,7.9,9.1,7.3,5.5,8.0,11.9,12.4,10.0,8.2,5.1,8.9,4.6,1.1,0.0
95932,2019,7633.0,52.7,47.3,6.7,8.1,6.0,6.4,7.6,12.4,12.3,10.8,8.0,5.3,9.8,5.5,1.1,
95932,2020,7573.0,51.1,48.9,5.4,7.9,7.1,7.2,5.2,10.7,14.2,10.9,7.1,5.6,10.2,6.1,2.4,
95932,2021,7963.0,50.7,49.3,5.6,7.8,7.2,7.0,5.1,12.7,13.8,9.9,6.0,6.6,11.0,4.8,2.6,
95932,2022,7789.0,50.8,49.2,5.2,8.1,8.0,7.0,5.0,11.3,14.1,10.6,5.5,6.3,11.4,5.1,2.4,
95937,2017,1569.0,49.0,51.0,5.1,4.4,11.6,5.9,7.4,11.1,9.2,11.8,4.9,5.7,12.4,7.8,2.7,
95937,2018,1442.0,47.9,52.1,5.8,2.6,13.3,4.7,4.6,14.5,5.5,12.5,5.1,9.0,14.7,4.0,3.6,0.0
95937,2019,1540.0,47.3,52.7,10.3,4.9,11.1,3.3,5.9,18.1,5.7,11.8,3.1,7.3,12.1,2.8,3.4,
95937,2020,1542.0,47.6,52.4,7.2,4.8,8.2,3.8,5.3,16.1,5.3,8.5,3.0,7.8,15.5,8.3,6.2,
95937,2021,1125.0,47.6,52.4,9.3,5.7,1.6,3.9,4.3,16.0,7.6,4.6,3.1,10.9,15.5,8.6,8.9,
95937,2022,1145.0,50.9,49.1,9.8,5.4,0.0,3.8,4.2,16.9,10.0,6.4,1.2,12.2,12.1,10.7,7.4,
95979,2017,729.0,45.1,54.9,4.0,4.8,7.3,9.6,1.9,8.8,4.0,18.7,8.6,13.3,9.6,5.9,3.6,
95979,2018,430.0,57.2,42.8,5.3,0.7,0.9,1.4,2.6,6.0,1.9,28.4,13.0,13.3,11.6,10.5,4.4,0.0
95979,2019,414.0,51.9,48.1,4.3,1.4,1.0,1.7,3.4,4.8,0.5,21.3,11.1,13.0,21.3,11.6,4.6,
95979,2020,397.0,63.0,37.0,1.5,2.0,1.0,1.8,6.0,17.9,0.5,17.6,8.3,12.1,15.4,12.1,3.8,
95979,2021,362.0,57.2,42.8,1.4,2.5,1.7,4.7,5.2,11.6,4.1,14.4,8.6,12.4,20.7,10.5,2.2,
95979,2022,374.0,57.2,42.8,1.1,1.3,3.2,5.6,5.1,9.6,8.3,10.4,4.5,9.4,28.9,10.2,2.4,
95987,2017,6050.0,54.8,45.2,5.0,8.2,8.4,6.9,6.9,16.3,11.6,14.3,5.9,7.2,5.7,2.4,1.1,
95987,2018,6119.0,50.3,49.7,6.6,7.2,8.8,8.5,5.8,12.9,13.9,12.4,5.9,6.8,6.6,2.5,1.9,0.0
95987,2019,5950.0,48.4,51.6,8.4,8.7,8.7,7.9,5.3,16.2,12.5,11.2,4.1,6.0,6.4,2.7,2.0,
95987,2020,6040.0,49.3,50.7,9.9,8.7,8.9,8.6,6.1,15.8,12.7,10.5,3.4,4.3,6.1,1.8,3.2,
95987,2021,6370.0,51.5,48.5,9.1,9.2,8.2,8.6,5.7,14.6,14.6,11.4,3.0,3.9,6.0,2.3,3.7,
95987,2022,6504.0,49.5,50.5,9.1,7.7,7.0,8.3,7.5,14.7,13.9,11.6,5.0,3.5,6.0,2.1,3.6,
