Zip Code,Year,Total (Households),"Less than $10,000","$10,000 to $14,999","$15,000 to $24,999","$25,000 to $34,999","$35,000 to $49,999","$50,000 to $74,999","$75,000 to $99,999","$100,000 to $149,999","$150,000 to $199,999","$200,000 or more",Median income (dollars),Mean income (dollars)
94503,2017,5505.0,2.3,3.1,6.8,5.0,11.1,13.6,12.6,20.3,12.0,13.2,91802.0,113564.0
94503,2018,5442.0,2.3,4.3,4.4,5.0,10.3,14.8,10.1,20.1,13.4,15.4,98247.0,119500.0
94503,2019,5303.0,2.4,4.3,4.1,4.0,8.8,14.1,10.5,19.6,14.8,17.3,101865.0,127720.0
94503,2020,5147.0,3.8,3.9,2.9,3.9,7.0,12.8,9.5,22.3,16.9,17.0,108638.0,129990.0
94503,2021,5622.0,3.5,2.3,3.0,4.9,4.9,12.2,10.6,21.6,15.9,21.1,118143.0,140488.0
94503,2022,5790.0,3.5,2.0,2.5,5.9,3.7,11.5,10.9,20.7,16.1,23.3,122500.0,150188.0
94508,2017,1041.0,5.3,0.9,1.2,2.1,16.7,21.5,10.7,18.0,12.7,11.0,80795.0,113637.0
94508,2018,1073.0,4.6,1.9,0.9,1.7,14.3,21.1,10.8,21.9,12.5,10.4,87422.0,114904.0
94508,2019,997.0,5.1,1.3,0.5,0.4,14.4,22.8,9.5,21.4,10.9,13.6,89531.0,127612.0
94508,2020,1059.0,4.1,6.3,0.4,0.4,11.1,12.7,9.4,25.7,13.0,16.9,111750.0,145175.0
94508,2021,1017.0,4.3,6.4,0.2,5.9,9.3,8.1,10.2,30.4,10.0,15.1,111917.0,146088.0
94508,2022,988.0,2.3,1.0,7.1,2.3,7.7,11.0,6.6,31.7,14.4,15.9,113036.0,149186.0
94510,2017,11201.0,3.5,3.3,4.5,4.5,8.4,15.5,13.0,20.7,13.8,12.8,95291.0,117419.0
94510,2018,11179.0,2.3,2.9,5.5,3.5,7.6,16.3,12.8,18.8,14.2,16.0,98940.0,126631.0
94510,2019,11339.0,2.2,1.7,6.0,3.4,7.8,13.3,14.1,19.8,13.8,17.9,103163.0,127733.0
94510,2020,11496.0,2.3,1.8,6.4,3.9,7.2,12.6,12.3,21.6,15.1,16.7,106739.0,128190.0
94510,2021,10883.0,2.3,1.5,6.1,4.0,6.7,10.7,11.2,21.9,14.3,21.2,118228.0,139585.0
94510,2022,10922.0,2.1,1.5,6.6,4.1,7.0,11.3,8.5,20.6,12.2,26.2,124099.0,148821.0
94512,2017,32.0,0.0,0.0,0.0,0.0,0.0,0.0,0.0,50.0,50.0,0.0,-666666666.0,-222222222.0
94512,2018,16.0,0.0,0.0,0.0,0.0,0.0,0.0,0.0,100.0,0.0,0.0,-666666666.0,-222222222.0
94512,2019,16.0,0.0,0.0,0.0,0.0,0.0,0.0,0.0,100.0,0.0,0.0,-666666666.0,-222222222.0
94512,2020,18.0,0.0,0.0,0.0,0.0,0.0,0.0,0.0,100.0,0.0,0.0,-666666666.0,-222222222.0
94512,2021,0.0,-666666666.0,-222222222.0,-666666666.0,-222222222.0,-666666666.0,-222222222.0,-666666666.0,-222222222.0,-666666666.0,-222222222.0,-666666666.0,-222222222.0
94512,2022,28.0,0.0,100.0,0.0,0.0,0.0,0.0,0.0,0.0,0.0,0.0,-666666666.0,-222222222.0
94515,2017,3110.0,3.5,5.5,11.4,5.5,15.2,9.8,15.0,14.0,3.9,16.3,68603.0,113474.0
94515,2018,2970.0,3.5,3.5,7.6,6.1,11.9,14.0,14.6,16.9,4.3,17.6,84000.0,133198.0
94515,2019,3001.0,5.3,4.1,6.4,5.4,10.7,14.4,13.4,15.1,6.0,19.4,85417.0,139610.0
94515,2020,2772.0,3.6,2.7,3.7,4.4,11.0,20.8,14.6,13.9,7.3,18.0,85263.0,165466.0
94515,2021,2730.0,4.2,5.3,3.3,5.7,10.5,18.5,14.0,14.9,5.1,18.5,84676.0,165528.0
94515,2022,2728.0,3.9,3.8,2.5,4.9,11.1,10.4,10.6,23.5,8.1,21.3,102557.0,179872.0
94533,2017,23414.0,5.5,4.2,8.0,9.0,13.0,17.9,14.4,17.2,6.3,4.4,62612.0,79548.0
94533,2018,23867.0,4.6,3.6,7.8,7.5,12.6,18.0,14.4,18.7,7.2,5.6,67442.0,85265.0
94533,2019,24038.0,4.5,3.0,5.9,7.3,12.8,17.6,15.0,19.3,8.0,6.7,73042.0,90370.0
94533,2020,24396.0,4.2,2.6,6.6,7.1,11.4,17.7,16.3,19.9,7.3,6.9,75544.0,90293.0
94533,2021,24343.0,4.4,2.3,5.6,7.1,10.5,17.4,14.5,22.5,7.1,8.6,79259.0,97257.0
94533,2022,24660.0,4.9,2.4,4.2,7.9,9.0,16.2,14.3,21.9,8.5,10.8,84907.0,106593.0
94534,2017,12750.0,2.4,1.5,3.7,2.8,7.3,15.6,13.6,24.5,13.7,14.8,105033.0,128129.0
94534,2018,12979.0,2.3,1.7,3.0,2.7,6.7,13.5,13.6,23.5,14.4,18.5,110761.0,136486.0
94534,2019,13097.0,2.8,1.4,2.8,3.8,5.9,12.2,12.5,25.1,14.3,19.2,114537.0,142639.0
94534,2020,13121.0,1.7,1.1,2.9,3.7,5.5,14.1,12.3,25.2,14.3,19.2,115561.0,142552.0
94534,2021,13267.0,1.8,0.7,2.3,4.1,5.6,10.6,10.2,27.3,14.0,23.3,121478.0,146989.0
94534,2022,13549.0,2.7,0.3,1.9,3.4,4.7,8.6,12.0,22.6,17.0,26.7,132382.0,162507.0
94535,2017,1110.0,4.3,1.9,4.4,7.0,16.7,28.5,16.8,17.0,3.4,0.0,60741.0,66809.0
94535,2018,1057.0,2.5,4.3,3.0,4.2,14.1,31.1,18.4,13.8,7.6,1.0,64888.0,75429.0
94535,2019,1035.0,2.7,3.0,4.3,3.9,12.9,27.1,17.2,18.3,9.3,1.4,70230.0,80160.0
94535,2020,924.0,1.8,1.3,6.2,2.2,12.3,36.7,15.3,17.1,5.8,1.3,70943.0,77188.0
94535,2021,1009.0,1.3,0.0,6.9,1.5,7.7,33.0,17.8,22.0,6.0,3.7,74821.0,86454.0
94535,2022,1015.0,1.0,0.0,4.0,2.3,7.9,28.6,26.0,18.5,8.7,3.1,79418.0,91910.0
94558,2017,23988.0,2.4,3.6,6.1,6.1,10.5,16.1,13.2,19.2,10.4,12.5,83491.0,112224.0
94558,2018,24302.0,2.8,2.6,6.1,6.4,9.7,15.0,13.0,20.0,10.6,13.9,88765.0,117374.0
94558,2019,23924.0,2.9,2.7,4.8,5.7,8.8,14.4,14.0,19.5,11.5,15.7,93052.0,123939.0
94558,2020,24027.0,3.1,2.4,5.6,6.3,8.6,12.5,12.4,19.5,12.3,17.4,97759.0,126309.0
94558,2021,24070.0,3.6,2.1,4.2,6.4,7.7,11.5,13.5,19.6,13.2,18.2,102244.0,132989.0
94558,2022,24253.0,4.1,2.1,3.9,5.2,7.0,12.1,11.2,20.3,13.2,20.9,110397.0,144156.0
94559,2017,10374.0,3.9,4.0,6.9,8.2,11.8,19.8,13.0,16.1,8.0,8.2,68725.0,95743.0
94559,2018,10211.0,3.7,2.5,7.5,6.9,11.7,19.2,12.6,17.2,9.9,8.9,73408.0,100258.0
94559,2019,10210.0,3.8,2.4,5.2,6.9,12.7,17.1,14.1,17.9,10.1,9.8,76961.0,102190.0
94559,2020,9943.0,2.9,2.3,5.5,7.0,11.8,18.5,13.5,16.5,10.9,11.1,76960.0,109756.0
94559,2021,10131.0,2.9,2.6,4.6,5.4,12.9,15.5,14.4,17.1,10.7,13.9,85149.0,116447.0
94559,2022,10313.0,2.2,2.2,3.1,4.8,11.0,16.6,12.6,21.0,10.0,16.5,94599.0,124722.0
94562,2021,0.0,-666666666.0,-222222222.0,-666666666.0,-222222222.0,-666666666.0,-222222222.0,-666666666.0,-222222222.0,-666666666.0,-222222222.0,-666666666.0,-222222222.0
94562,2022,0.0,-666666666.0,-222222222.0,-666666666.0,-222222222.0,-666666666.0,-222222222.0,-666666666.0,-222222222.0,-666666666.0,-222222222.0,-666666666.0,-222222222.0
94567,2017,241.0,5.8,3.3,5.8,14.9,13.7,16.6,14.1,7.1,3.3,15.4,58375.0,110615.0
94567,2018,251.0,6.8,2.4,6.0,10.8,18.3,17.9,12.7,9.2,4.8,11.2,57250.0,104704.0
94567,2019,231.0,7.4,3.5,7.4,6.5,19.0,24.2,6.9,10.0,3.9,11.3,53125.0,105153.0
94567,2020,263.0,4.2,1.1,18.3,2.7,18.6,26.2,9.5,8.4,2.7,8.4,53813.0,95604.0
94567,2021,241.0,3.3,1.2,17.0,2.9,11.2,25.7,4.1,14.5,4.1,15.8,61477.0,132161.0
94567,2022,219.0,1.8,4.1,4.6,17.8,10.0,26.5,5.5,18.7,2.7,8.2,61042.0,83253.0
94571,2017,4468.0,4.4,3.8,8.1,13.5,12.2,15.8,11.9,21.3,6.3,2.8,64694.0,75314.0
94571,2018,4555.0,6.8,3.4,5.2,11.5,10.2,16.8,17.2,20.5,5.5,2.8,66911.0,76224.0
94571,2019,5211.0,5.2,3.1,4.5,12.8,10.8,21.7,15.7,17.8,5.5,2.8,68226.0,75998.0
94571,2020,4939.0,3.6,1.7,6.3,11.5,13.9,18.7,15.3,17.1,8.2,3.7,68617.0,79658.0
94571,2021,5320.0,4.6,1.8,5.8,8.9,11.4,18.0,16.5,20.7,8.5,3.7,73547.0,83932.0
94571,2022,5342.0,4.0,1.5,4.1,7.4,13.6,14.5,17.2,18.4,13.3,6.0,80962.0,92951.0
94573,2017,5.0,0.0,0.0,0.0,0.0,0.0,0.0,100.0,0.0,0.0,0.0,-666666666.0,-222222222.0
94573,2018,10.0,0.0,0.0,0.0,0.0,0.0,0.0,50.0,0.0,50.0,0.0,-666666666.0,-222222222.0
94573,2019,14.0,0.0,0.0,0.0,0.0,0.0,57.1,0.0,0.0,42.9,0.0,-666666666.0,-222222222.0
94573,2020,23.0,0.0,0.0,0.0,0.0,0.0,73.9,0.0,0.0,26.1,0.0,-666666666.0,-222222222.0
94573,2021,34.0,0.0,0.0,0.0,0.0,0.0,0.0,44.1,0.0,17.6,38.2,-666666666.0,-222222222.0
94573,2022,51.0,0.0,0.0,0.0,31.4,0.0,0.0,29.4,0.0,11.8,27.5,-666666666.0,-222222222.0
94574,2017,3658.0,4.6,6.1,4.4,9.7,8.9,12.5,12.5,16.2,9.2,15.8,83720.0,142404.0
94574,2018,3614.0,3.7,4.8,6.1,9.1,8.7,11.4,12.7,17.9,6.9,18.8,89095.0,151874.0
94574,2019,3796.0,2.4,3.6,6.5,7.5,10.5,11.7,10.6,17.3,7.7,22.2,93587.0,167019.0
94574,2020,3931.0,2.2,2.7,6.1,4.8,11.9,10.9,8.8,17.8,8.3,26.5,104848.0,188872.0
94574,2021,3443.0,3.2,1.5,2.9,8.2,10.4,11.3,7.9,15.8,10.3,28.7,116322.0,204264.0
94574,2022,3457.0,2.4,1.0,2.2,9.2,7.1,13.0,5.5,16.1,12.1,31.5,130250.0,225416.0
94576,2017,36.0,0.0,0.0,0.0,0.0,30.6,0.0,0.0,52.8,0.0,16.7,102188.0,136411.0
94576,2018,38.0,0.0,0.0,0.0,21.1,26.3,0.0,0.0,21.1,15.8,15.8,-666666666.0,-222222222.0
94576,2019,47.0,0.0,0.0,0.0,17.0,19.1,19.1,0.0,14.9,14.9,14.9,-666666666.0,-222222222.0
94576,2020,66.0,0.0,0.0,0.0,10.6,15.2,28.8,0.0,9.1,10.6,25.8,-666666666.0,-222222222.0
94576,2021,52.0,0.0,0.0,0.0,19.2,0.0,42.3,0.0,7.7,15.4,15.4,66818.0,114421.0
94576,2022,86.0,0.0,0.0,0.0,0.0,14.0,26.7,0.0,0.0,37.2,22.1,158125.0,138284.0
94585,2017,9344.0,4.4,2.8,4.9,9.4,11.0,17.9,17.1,19.3,8.0,5.0,74155.0,85848.0
94585,2018,9395.0,4.7,2.2,4.9,8.3,9.5,16.8,17.4,21.2,8.8,6.2,78750.0,90078.0
94585,2019,9300.0,3.4,1.9,5.7,7.0,8.9,17.2,17.9,20.7,11.3,5.9,82848.0,93416.0
94585,2020,9254.0,2.9,3.5,4.7,6.2,9.9,15.9,17.9,21.3,11.1,6.5,81683.0,94259.0
94585,2021,9486.0,2.7,3.8,4.8,5.3,10.0,15.2,16.4,22.8,10.9,7.9,86000.0,96848.0
94585,2022,9659.0,3.5,3.1,4.0,5.2,10.1,12.6,15.1,23.5,10.3,12.6,95109.0,107391.0
94591,2017,18540.0,4.3,3.9,5.6,6.2,11.6,16.7,14.7,18.6,10.0,8.4,78628.0,94683.0
94591,2018,18658.0,4.2,3.4,5.4,6.1,11.5,16.5,14.1,18.5,10.8,9.6,80888.0,98861.0
94591,2019,18557.0,3.6,3.2,5.1,5.6,10.5,16.6,14.7,18.8,11.5,10.5,85311.0,102686.0
94591,2020,18612.0,2.9,2.4,4.5,4.6,9.8,16.5,14.6,20.5,13.7,10.5,91380.0,108436.0
94591,2021,19652.0,3.8,2.2,4.9,3.9,8.9,14.9,14.0,20.6,14.1,12.8,95628.0,118672.0
94591,2022,19742.0,3.9,2.0,4.1,3.6,8.0,12.9,13.2,21.6,14.2,16.5,104567.0,127588.0
94599,2017,1394.0,9.0,3.3,7.0,10.8,7.8,17.6,10.1,12.7,9.0,12.7,71667.0,116351.0
94599,2018,1418.0,6.3,5.2,8.3,10.5,9.7,15.9,10.2,12.5,11.4,10.0,64545.0,115825.0
94599,2019,1446.0,8.4,4.1,5.5,10.9,10.8,12.5,12.3,12.9,10.8,11.8,69800.0,117329.0
94599,2020,1428.0,8.3,2.9,6.1,16.3,7.3,17.6,9.6,10.3,13.5,8.1,65962.0,102411.0
94599,2021,1639.0,4.9,4.7,5.6,18.7,6.7,16.6,7.7,12.0,12.1,11.0,69769.0,112165.0
94599,2022,1531.0,4.2,6.9,3.9,13.1,7.8,13.5,11.9,15.7,8.4,14.6,75245.0,118638.0
95401,2017,13482.0,3.8,3.6,8.4,8.7,11.5,23.5,13.5,14.9,6.9,5.3,62244.0,84865.0
95401,2018,13505.0,3.5,4.3,6.8,6.8,11.6,21.5,13.8,16.6,8.5,6.5,66633.0,91416.0
95401,2019,13635.0,2.8,4.3,5.4,6.0,11.3,19.9,16.4,17.0,8.9,8.1,75290.0,100021.0
95401,2020,13817.0,4.0,4.3,6.2,5.4,10.4,15.8,14.1,22.0,9.8,8.0,80164.0,100301.0
95401,2021,13592.0,4.1,3.5,5.7,5.3,10.0,16.9,13.5,21.0,10.5,9.5,82414.0,107658.0
95401,2022,13682.0,3.7,2.2,5.7,5.0,10.0,17.4,12.3,21.2,11.4,11.1,88439.0,117149.0
95403,2017,17156.0,3.0,4.4,6.9,7.0,13.4,20.3,14.6,16.3,7.8,6.2,68550.0,87557.0
95403,2018,16532.0,3.5,4.9,6.1,6.5,12.4,17.3,15.1,17.9,8.7,7.6,73985.0,93715.0
95403,2019,16103.0,3.9,3.9,6.1,6.1,11.3,18.0,13.9,19.5,10.4,7.0,75954.0,95621.0
95403,2020,15871.0,3.8,2.7,6.9,5.6,10.4,16.5,15.0,20.6,11.7,6.9,79990.0,97436.0
95403,2021,16286.0,4.6,2.5,5.2,6.3,9.3,15.3,13.6,20.1,13.6,9.5,84517.0,103566.0
95403,2022,16000.0,4.7,1.9,4.3,4.3,10.5,13.4,13.4,20.2,14.9,12.3,93826.0,115130.0
95404,2017,16479.0,5.1,4.4,7.8,7.9,10.8,15.0,12.9,15.7,10.1,10.3,72272.0,102214.0
95404,2018,16294.0,4.9,3.7,7.3,8.6,10.0,14.8,12.0,17.8,10.3,10.7,77127.0,106234.0
95404,2019,16340.0,4.5,3.2,5.5,7.5,10.2,16.0,12.8,17.8,11.0,11.5,81427.0,110375.0
95404,2020,15647.0,4.3,3.9,4.5,5.7,7.8,16.2,13.8,20.6,10.4,12.8,86555.0,118799.0
95404,2021,15507.0,4.8,3.6,4.3,5.2,9.5,14.4,14.3,18.3,11.0,14.5,88574.0,124072.0
95404,2022,15697.0,4.2,4.1,4.0,4.1,7.3,14.8,13.4,18.4,11.6,18.1,96483.0,138021.0
95405,2017,8400.0,4.4,2.3,5.7,6.9,9.4,16.0,15.6,20.3,10.7,8.8,82274.0,101168.0
95405,2018,8369.0,4.3,2.6,5.2,7.8,5.7,16.8,18.7,18.4,11.4,9.0,84354.0,103584.0
95405,2019,8174.0,4.1,2.3,3.9,6.8,6.4,15.5,18.4,20.1,13.2,9.3,89876.0,109470.0
95405,2020,8955.0,3.2,1.6,4.6,7.4,4.5,16.0,16.5,21.9,13.0,11.3,94411.0,114468.0
95405,2021,9396.0,3.0,1.7,4.7,5.3,7.4,14.6,13.3,22.4,14.2,13.4,99978.0,121882.0
95405,2022,9359.0,2.9,1.0,3.5,4.1,8.2,14.0,11.2,22.0,15.6,17.5,111358.0,138206.0
95409,2017,12043.0,4.2,3.4,6.9,7.3,12.0,19.5,14.3,15.8,7.7,8.9,69660.0,91693.0
95409,2018,12176.0,4.2,2.9,7.4,6.9,11.5,17.5,13.4,17.6,7.1,11.5,74333.0,99740.0
95409,2019,12310.0,4.5,2.3,6.3,6.9,10.9,18.8,10.2,18.7,7.7,13.7,75571.0,108256.0
95409,2020,12031.0,5.1,1.5,5.5,6.8,10.5,18.7,10.4,17.5,8.1,15.9,77849.0,112960.0
95409,2021,11870.0,4.9,1.5,4.5,6.5,11.0,15.3,11.0,18.9,10.7,15.6,85614.0,122715.0
95409,2022,11856.0,4.0,2.0,4.8,5.5,8.5,15.7,9.3,19.2,11.5,19.4,100225.0,137024.0
95412,2017,135.0,0.0,0.0,10.4,0.7,11.9,29.6,14.1,18.5,11.9,3.0,72102.0,97007.0
95412,2018,152.0,0.0,0.0,21.1,0.0,13.2,28.9,10.5,15.1,3.9,7.2,70536.0,84438.0
95412,2019,153.0,5.2,0.0,19.6,0.0,1.3,36.6,9.2,10.5,9.8,7.8,72784.0,90685.0
95412,2020,189.0,2.6,14.8,14.3,2.6,2.1,22.2,25.4,3.7,6.3,5.8,69375.0,74835.0
95412,2021,161.0,5.6,18.6,18.6,0.0,0.0,22.4,27.3,0.0,3.7,3.7,65817.0,58708.0
95412,2022,123.0,10.6,24.4,13.0,0.0,0.0,17.9,22.0,0.0,7.3,4.9,-666666666.0,-222222222.0
95419,2021,162.0,17.3,0.0,0.0,15.4,20.4,0.0,29.0,0.0,0.0,17.9,-666666666.0,-222222222.0
95419,2022,131.0,13.7,0.0,0.0,16.8,22.1,0.0,8.4,19.8,0.0,19.1,-666666666.0,-222222222.0
95421,2017,730.0,4.5,6.8,12.1,11.1,12.1,20.5,11.1,11.0,3.7,7.1,51838.0,72833.0
95421,2018,732.0,4.2,4.9,13.0,11.7,12.6,16.7,11.3,9.6,8.7,7.2,55833.0,77197.0
95421,2019,787.0,6.4,4.4,10.7,12.7,11.6,16.8,14.9,7.9,6.9,7.9,58125.0,78022.0
95421,2020,700.0,4.4,4.4,9.6,9.9,10.7,18.0,15.0,12.7,4.4,10.9,61691.0,85495.0
95421,2021,726.0,6.3,6.2,7.0,12.4,9.8,20.7,12.3,12.3,3.9,9.2,59479.0,86902.0
95421,2022,700.0,9.3,4.3,9.1,5.9,8.1,17.9,8.4,19.4,2.9,14.7,67917.0,105071.0
95422,2017,6360.0,14.7,10.2,19.1,18.9,12.2,11.7,6.2,4.6,2.2,0.3,27161.0,39427.0
95422,2018,6129.0,13.0,11.5,17.2,17.3,13.3,14.1,6.9,3.8,2.6,0.5,29069.0,40937.0
95422,2019,5962.0,10.1,11.9,16.1,15.5,17.8,14.8,5.8,4.4,3.3,0.3,31793.0,43102.0
95422,2020,5970.0,9.1,10.7,13.9,14.0,16.2,18.7,8.1,5.0,3.4,0.9,36623.0,47453.0
95422,2021,6136.0,7.3,10.8,12.5,13.5,18.4,17.8,7.4,7.9,2.7,1.7,38325.0,51314.0
95422,2022,5999.0,6.6,9.1,12.0,13.1,16.4,20.6,7.1,11.1,2.2,2.0,41428.0,55385.0
95423,2017,1705.0,8.6,9.3,15.8,14.5,12.7,17.2,13.7,5.5,1.2,1.5,36292.0,48484.0
95423,2018,1679.0,7.3,7.3,13.5,11.2,15.1,17.0,17.1,8.6,1.3,1.7,44611.0,63747.0
95423,2019,1668.0,4.9,8.6,11.6,11.9,18.6,16.3,16.5,8.2,1.9,1.4,46500.0,62338.0
95423,2020,1584.0,2.0,9.8,12.7,10.5,19.0,14.0,14.1,12.0,4.6,1.3,46833.0,68127.0
95423,2021,1528.0,3.6,14.1,8.6,13.9,14.3,9.4,15.9,12.9,4.6,2.6,45600.0,78558.0
95423,2022,1605.0,10.3,7.0,10.4,13.8,15.4,14.4,9.5,7.9,4.2,7.1,42648.0,75540.0
95425,2017,3982.0,3.1,4.8,7.2,9.7,13.6,17.0,13.2,16.0,6.4,8.8,64199.0,85723.0
95425,2018,3935.0,3.5,4.6,6.7,8.3,12.5,16.5,14.6,16.8,8.0,8.6,69153.0,90078.0
95425,2019,4112.0,3.1,4.3,5.6,7.9,11.5,18.2,14.3,18.6,7.7,8.8,73235.0,97051.0
95425,2020,4394.0,2.9,3.3,5.6,7.7,13.3,13.6,12.8,20.8,8.0,11.9,81905.0,111779.0
95425,2021,4585.0,3.7,3.7,3.9,6.0,9.6,12.6,12.5,21.9,11.9,14.2,93039.0,125349.0
95425,2022,4401.0,3.1,2.4,4.4,2.9,12.7,12.9,10.5,21.3,13.9,15.8,103125.0,131851.0
95426,2017,624.0,7.9,5.8,4.6,4.5,15.9,6.4,30.3,21.8,1.3,1.6,77714.0,72857.0
95426,2018,591.0,8.8,0.0,6.9,0.0,17.3,6.1,34.3,15.2,11.3,0.0,82219.0,83294.0
95426,2019,608.0,8.6,4.3,9.2,0.0,22.0,1.6,33.9,9.5,10.9,0.0,79667.0,77405.0
95426,2020,474.0,2.3,4.6,16.9,0.0,12.7,5.7,28.9,15.6,13.3,0.0,95369.0,85975.0
95426,2021,644.0,1.6,7.3,16.6,0.0,11.8,13.5,1.6,30.3,8.2,9.2,74457.0,85419.0
95426,2022,564.0,0.0,0.0,18.8,8.2,16.5,2.1,4.6,24.5,10.5,14.9,79904.0,95334.0
95430,2017,6.0,0.0,0.0,0.0,0.0,100.0,0.0,0.0,0.0,0.0,0.0,-666666666.0,-222222222.0
95430,2018,7.0,0.0,0.0,0.0,0.0,100.0,0.0,0.0,0.0,0.0,0.0,-666666666.0,-222222222.0
95430,2019,7.0,0.0,0.0,0.0,0.0,100.0,0.0,0.0,0.0,0.0,0.0,-666666666.0,-222222222.0
95430,2020,13.0,0.0,0.0,0.0,0.0,100.0,0.0,0.0,0.0,0.0,0.0,-666666666.0,-222222222.0
95430,2021,15.0,0.0,0.0,0.0,0.0,100.0,0.0,0.0,0.0,0.0,0.0,-666666666.0,-222222222.0
95430,2022,0.0,-666666666.0,-222222222.0,-666666666.0,-222222222.0,-666666666.0,-222222222.0,-666666666.0,-222222222.0,-666666666.0,-222222222.0,-666666666.0,-222222222.0
95436,2017,2716.0,6.1,6.9,8.7,7.6,12.2,20.5,13.2,11.2,5.6,7.9,59548.0,86519.0
95436,2018,2852.0,5.7,7.4,8.5,6.9,8.2,22.1,14.1,13.3,7.2,6.6,63556.0,89706.0
95436,2019,2823.0,4.4,8.8,8.1,6.7,7.5,20.9,10.6,16.4,9.3,7.2,64902.0,95688.0
95436,2020,2655.0,4.4,5.8,4.6,6.9,7.7,20.4,13.1,16.9,10.4,9.8,75417.0,101493.0
95436,2021,2644.0,2.5,3.2,6.4,7.1,8.5,19.7,13.0,17.5,10.4,11.7,76742.0,102636.0
95436,2022,2432.0,1.9,2.1,7.4,4.7,8.1,16.1,13.0,19.9,11.2,15.7,87339.0,116483.0
95439,2017,240.0,0.0,15.8,4.2,0.0,14.2,20.4,13.3,15.0,5.8,11.3,59141.0,89450.0
95439,2018,232.0,0.0,16.8,5.6,0.0,9.9,35.8,2.6,4.7,6.5,18.1,52500.0,91173.0
95439,2019,220.0,9.1,16.4,0.0,5.9,10.5,17.3,2.7,16.4,6.8,15.0,-666666666.0,-222222222.0
95439,2020,132.0,12.9,8.3,0.0,9.1,5.3,23.5,2.3,6.8,14.4,17.4,-666666666.0,-222222222.0
95439,2021,169.0,8.3,5.9,0.0,0.0,10.7,17.2,0.0,30.8,21.9,5.3,126406.0,106445.0
95439,2022,266.0,5.6,0.0,3.4,0.0,15.0,10.5,0.0,11.3,34.2,19.9,158125.0,135248.0
95441,2017,648.0,4.3,1.9,6.6,5.2,9.3,22.8,14.7,11.9,12.3,11.0,74688.0,104807.0
95441,2018,670.0,4.0,0.7,6.1,5.4,6.1,19.4,16.7,16.1,11.3,14.0,86154.0,116706.0
95441,2019,624.0,2.9,1.3,6.1,1.3,6.3,10.9,20.4,20.4,13.0,17.6,100938.0,133295.0
95441,2020,659.0,3.8,2.0,6.2,0.6,6.7,7.7,17.9,19.3,16.8,19.0,111198.0,141612.0
95441,2021,701.0,7.3,1.9,3.3,6.7,6.1,5.6,10.6,20.0,16.3,22.4,125750.0,160153.0
95441,2022,702.0,7.1,2.8,0.6,5.0,5.7,7.1,9.5,22.8,20.4,18.9,125400.0,162734.0
95442,2017,1517.0,2.0,1.2,10.7,10.9,8.2,15.4,4.6,14.2,20.2,12.5,82566.0,119106.0
95442,2018,1381.0,3.3,1.2,5.9,7.5,8.6,12.5,6.8,16.7,17.3,20.4,114879.0,150064.0
95442,2019,1312.0,5.3,1.3,4.3,6.1,6.9,10.8,4.9,19.7,13.3,27.3,135000.0,216011.0
95442,2020,1365.0,6.4,1.0,4.5,4.5,8.4,2.6,3.3,22.1,9.7,37.5,144129.0,256748.0
95442,2021,1161.0,4.1,0.0,1.6,0.0,13.8,10.1,1.6,15.7,15.4,37.7,151342.0,289956.0
95442,2022,1253.0,5.7,1.4,2.0,4.6,4.2,3.8,7.3,10.0,22.0,39.0,168512.0,313954.0
95444,2017,266.0,3.8,6.4,6.4,0.0,26.7,28.6,12.4,6.4,5.3,4.1,59000.0,69328.0
95444,2018,244.0,5.7,7.0,7.4,0.0,15.2,39.8,14.8,0.0,5.3,4.9,62685.0,70224.0
95444,2019,214.0,0.0,9.3,8.4,0.0,8.4,41.1,7.9,0.0,16.4,8.4,64028.0,93211.0
95444,2020,168.0,0.0,9.5,13.7,0.0,10.1,36.9,23.2,0.0,6.5,0.0,63396.0,62990.0
95444,2021,219.0,0.0,0.0,9.1,0.0,8.7,20.5,19.6,9.6,11.9,20.5,86483.0,132181.0
95444,2022,215.0,2.8,0.0,0.0,0.0,9.3,7.0,28.8,2.3,8.8,40.9,-666666666.0,-222222222.0
95445,2017,953.0,2.7,6.0,8.0,16.6,19.0,16.4,10.9,13.0,5.6,1.9,48880.0,66224.0
95445,2018,1034.0,2.9,5.1,7.6,12.9,13.2,29.5,10.4,12.1,5.4,0.8,56227.0,66478.0
95445,2019,1068.0,3.7,4.7,9.7,11.4,9.7,30.9,12.4,14.5,2.1,0.8,58308.0,65974.0
95445,2020,968.0,0.9,3.0,9.9,4.2,10.3,36.5,16.0,10.8,7.7,0.5,59109.0,71206.0
95445,2021,955.0,0.9,1.0,8.2,4.6,8.7,33.3,17.3,15.3,9.4,1.3,70027.0,79979.0
95445,2022,884.0,4.4,1.2,6.1,2.7,0.9,28.2,31.1,11.2,2.9,11.2,79462.0,111100.0
95446,2017,2346.0,6.4,6.2,13.1,5.8,13.2,20.2,8.6,15.0,7.2,4.3,55132.0,77075.0
95446,2018,2418.0,4.1,4.9,9.9,6.1,15.8,18.4,13.6,16.1,6.3,4.6,61161.0,81278.0
95446,2019,2510.0,3.1,6.5,9.8,5.9,14.0,16.1,14.2,16.8,7.9,5.7,65784.0,87657.0
95446,2020,2443.0,1.9,5.0,9.5,4.9,13.1,15.5,16.1,18.4,8.4,7.1,75035.0,99209.0
95446,2021,2336.0,2.1,6.1,8.3,7.2,7.8,14.2,21.4,17.8,5.4,9.7,79205.0,104751.0
95446,2022,2407.0,3.0,5.4,7.0,7.4,11.0,12.2,18.9,13.4,9.1,12.5,82706.0,111088.0
95448,2017,7007.0,3.4,3.0,8.2,7.0,9.5,16.6,12.3,17.2,9.2,13.5,78515.0,129374.0
95448,2018,6893.0,2.9,2.5,5.3,7.2,9.3,15.7,12.8,16.5,11.2,16.6,89719.0,140252.0
95448,2019,6797.0,3.6,2.1,5.2,7.6,7.4,14.2,13.2,17.4,11.2,17.9,95114.0,139558.0
95448,2020,6899.0,4.3,3.2,4.0,5.4,6.5,16.2,14.3,18.2,9.8,18.1,95938.0,139747.0
95448,2021,6724.0,3.9,2.6,4.0,5.9,6.8,14.1,12.6,17.0,12.7,20.4,100267.0,147144.0
95448,2022,6949.0,4.5,1.6,5.0,6.2,6.6,14.6,11.2,15.3,12.9,22.0,100437.0,145605.0
95449,2017,554.0,10.5,3.1,12.1,5.2,19.1,19.0,13.7,7.2,5.8,4.3,50000.0,81172.0
95449,2018,508.0,11.2,4.3,14.0,6.9,14.6,15.2,17.7,9.1,1.4,5.7,46111.0,73460.0
95449,2019,542.0,10.0,3.9,5.4,14.6,15.3,11.3,13.8,14.2,3.7,7.9,53333.0,91040.0
95449,2020,508.0,8.1,4.1,1.4,13.4,15.0,13.2,15.4,17.9,6.1,5.5,60192.0,99102.0
95449,2021,493.0,4.9,7.5,0.6,11.4,11.0,17.2,16.2,18.3,7.3,5.7,64688.0,86298.0
95449,2022,587.0,8.3,3.7,2.7,9.7,8.5,24.2,16.9,15.0,4.4,6.5,61576.0,81652.0
95450,2017,162.0,9.3,0.0,3.7,19.8,8.0,15.4,3.1,19.8,19.1,1.9,56786.0,85360.0
95450,2018,160.0,4.4,0.0,1.9,18.1,15.0,25.0,3.8,16.9,15.0,0.0,58958.0,77358.0
95450,2019,127.0,0.0,0.0,2.4,20.5,10.2,29.9,6.3,12.6,15.7,2.4,59350.0,83407.0
95450,2020,119.0,0.0,0.0,2.5,22.7,21.8,10.9,5.9,6.7,25.2,4.2,62679.0,92249.0
95450,2021,84.0,0.0,0.0,1.2,2.4,16.7,20.2,6.0,9.5,9.5,34.5,121667.0,127692.0
95450,2022,112.0,0.0,0.0,0.0,2.7,17.9,25.9,8.0,17.0,7.1,21.4,93750.0,114610.0
95451,2017,4790.0,10.4,5.6,13.0,9.7,8.3,17.8,12.8,15.5,2.9,4.1,51587.0,65797.0
95451,2018,4724.0,9.6,4.0,8.7,11.7,12.8,16.5,12.3,16.2,4.6,3.7,51469.0,69016.0
95451,2019,4621.0,7.1,4.5,6.0,12.5,14.5,17.0,11.6,17.2,4.8,4.9,54110.0,82258.0
95451,2020,4432.0,5.4,4.4,5.0,12.5,16.4,20.5,10.0,17.2,4.3,4.2,54189.0,82572.0
95451,2021,4767.0,3.8,3.1,5.3,12.7,10.3,27.1,12.4,16.5,4.8,4.1,56435.0,87972.0
95451,2022,4973.0,2.4,1.5,6.3,10.2,14.6,21.5,14.0,17.8,7.4,4.4,61904.0,94312.0
95452,2017,598.0,0.0,11.7,8.0,2.3,14.9,7.0,21.9,19.4,4.7,10.0,85993.0,86749.0
95452,2018,481.0,3.7,11.6,3.5,2.9,14.8,5.8,24.7,12.5,9.4,11.0,87961.0,91722.0
95452,2019,483.0,3.7,11.6,3.3,3.5,10.8,12.0,19.0,23.8,10.8,1.4,81118.0,84451.0
95452,2020,447.0,3.4,15.7,2.9,2.5,0.0,13.6,13.4,31.1,10.3,7.2,92094.0,103682.0
95452,2021,623.0,1.9,10.4,0.0,0.0,0.0,15.6,6.9,27.4,1.9,35.8,129563.0,211338.0
95452,2022,527.0,4.7,5.9,0.0,0.0,0.0,12.3,3.6,23.7,7.6,42.1,144904.0,250575.0
95457,2017,1282.0,4.0,6.6,16.2,13.3,15.3,14.2,13.6,16.1,0.0,0.8,48388.0,58394.0
95457,2018,1347.0,2.3,9.1,19.3,11.2,10.7,13.2,13.7,19.5,0.0,1.0,48260.0,60709.0
95457,2019,1331.0,5.4,7.7,19.9,14.0,8.6,12.5,11.0,16.4,3.6,0.8,37991.0,57631.0
95457,2020,1325.0,4.4,5.1,21.7,13.7,10.2,13.0,8.5,12.3,1.7,9.3,39875.0,82242.0
95457,2021,1368.0,5.8,5.0,18.6,11.1,5.1,15.0,10.5,11.2,3.1,14.5,53284.0,98955.0
95457,2022,1363.0,9.9,2.6,16.9,11.4,13.2,9.9,9.6,5.0,6.9,14.5,42721.0,102644.0
95461,2017,1020.0,4.5,12.8,9.6,6.9,17.8,16.5,9.5,15.6,5.1,1.7,45800.0,61996.0
95461,2018,1037.0,5.3,12.8,11.2,8.5,17.2,18.6,10.9,8.6,2.0,4.9,42250.0,64632.0
95461,2019,1090.0,6.7,5.5,7.5,10.3,24.9,6.3,15.0,7.6,8.6,7.6,46310.0,77664.0
95461,2020,1281.0,5.7,5.1,4.6,12.4,18.8,15.8,9.8,10.1,9.7,8.1,52314.0,82923.0
95461,2021,1322.0,6.1,3.5,4.5,7.6,13.7,17.3,8.5,12.6,15.4,10.9,70800.0,108554.0
95461,2022,1418.0,5.5,3.1,3.9,7.7,8.0,17.8,12.7,10.3,18.7,12.3,79914.0,119506.0
95462,2017,611.0,13.1,11.0,11.1,4.3,17.0,9.8,17.3,7.2,3.4,5.7,43086.0,66936.0
95462,2018,622.0,8.4,11.9,15.1,4.0,12.7,9.3,20.1,9.0,3.5,5.9,45588.0,74254.0
95462,2019,583.0,6.2,12.5,15.1,9.1,12.2,7.0,18.9,6.9,2.4,9.8,44261.0,79686.0
95462,2020,639.0,4.7,10.5,12.2,10.5,17.2,5.5,21.3,10.0,0.8,7.4,45417.0,68883.0
95462,2021,592.0,0.0,9.5,11.3,13.7,11.0,6.3,21.1,11.5,4.4,11.3,-666666666.0,-222222222.0
95462,2022,575.0,0.0,3.8,7.1,15.7,14.1,5.7,9.7,17.9,5.9,20.0,87188.0,119064.0
95465,2017,982.0,9.6,4.3,3.1,6.5,21.4,19.3,7.3,11.8,4.8,11.9,63036.0,103855.0
95465,2018,1027.0,5.8,4.5,6.6,5.6,20.9,15.2,10.5,11.2,5.0,14.7,58778.0,120512.0
95465,2019,1094.0,6.5,3.5,3.9,5.5,17.9,18.3,16.5,12.0,5.6,10.3,65921.0,113592.0
95465,2020,890.0,4.5,2.2,2.4,7.1,19.6,18.2,15.5,14.5,7.6,8.4,65357.0,94134.0
95465,2021,603.0,2.5,1.7,1.0,10.1,11.4,20.4,19.4,15.3,4.8,13.4,79688.0,107679.0
95465,2022,531.0,2.4,1.9,0.8,5.6,1.5,20.2,15.6,16.8,12.4,22.8,104792.0,143540.0
95467,2017,2149.0,3.4,2.8,10.9,5.2,14.9,26.6,15.1,10.2,6.0,4.7,63079.0,73250.0
95467,2018,2284.0,2.0,2.3,10.5,8.0,16.3,19.2,18.4,12.2,5.8,5.3,63384.0,78526.0
95467,2019,2054.0,1.4,2.7,7.7,3.8,17.7,20.6,16.3,18.2,6.7,4.8,70625.0,84204.0
95467,2020,2240.0,0.4,7.0,9.7,7.2,15.8,14.6,15.5,17.8,8.7,3.3,67756.0,82190.0
95467,2021,2244.0,0.9,3.7,10.3,5.0,16.5,10.6,17.1,21.3,10.2,4.4,77115.0,90716.0
95467,2022,2184.0,2.1,3.1,8.2,6.7,11.9,14.7,14.5,21.8,5.3,11.7,82660.0,98777.0
95471,2017,304.0,2.6,31.3,12.2,9.9,8.2,13.5,14.5,7.9,0.0,0.0,-666666666.0,-222222222.0
95471,2018,261.0,3.4,19.5,14.2,13.8,14.2,3.8,20.7,10.3,0.0,0.0,-666666666.0,-222222222.0
95471,2019,270.0,4.1,19.3,15.6,15.9,3.7,16.3,0.0,12.2,0.0,13.0,-666666666.0,-222222222.0
95471,2020,265.0,0.0,19.6,14.7,10.2,10.6,9.1,11.7,11.7,0.0,12.5,-666666666.0,-222222222.0
95471,2021,388.0,0.0,10.8,0.0,8.5,34.5,6.2,0.0,24.7,6.4,8.8,-666666666.0,-222222222.0
95471,2022,400.0,19.0,2.3,0.0,0.0,17.5,16.0,7.0,18.8,6.0,13.5,66216.0,92441.0
95472,2017,12810.0,3.8,4.3,8.4,6.8,10.1,14.5,14.3,16.8,10.2,10.8,78251.0,104257.0
95472,2018,12565.0,3.5,3.4,7.4,6.6,8.7,13.1,13.1,19.8,11.5,12.8,87716.0,113085.0
95472,2019,12493.0,2.7,2.8,6.4,7.1,9.8,12.2,13.1,20.3,11.4,14.3,92674.0,117328.0
95472,2020,12171.0,4.0,2.3,7.3,6.0,8.7,12.1,13.0,18.3,12.3,16.1,95417.0,120021.0
95472,2021,11767.0,3.6,1.9,5.3,6.0,8.4,11.2,11.3,18.8,13.7,19.9,102283.0,133786.0
95472,2022,11591.0,4.8,1.5,4.3,6.0,8.0,9.9,11.1,19.4,14.6,20.3,108685.0,138814.0
95476,2017,15249.0,3.2,4.1,8.0,8.7,10.2,16.9,13.4,15.3,8.3,11.9,72716.0,116182.0
95476,2018,15296.0,3.5,3.4,7.7,8.1,10.6,16.2,13.0,16.0,8.6,12.9,76151.0,117983.0
95476,2019,15332.0,3.8,2.4,7.3,7.1,9.8,15.4,13.5,17.6,9.7,13.5,82036.0,118764.0
95476,2020,15591.0,3.5,2.3,6.0,6.7,10.3,14.3,13.0,18.0,11.7,14.2,87374.0,125265.0
95476,2021,15163.0,3.3,1.9,5.9,6.1,9.5,14.1,11.1,18.7,11.2,18.2,96029.0,133231.0
95476,2022,15267.0,3.5,1.5,5.4,5.0,9.6,13.7,10.8,18.5,10.5,21.4,100734.0,146796.0
95486,2017,48.0,0.0,39.6,0.0,0.0,29.2,0.0,0.0,31.3,0.0,0.0,-666666666.0,-222222222.0
95486,2018,56.0,0.0,41.1,0.0,28.6,0.0,0.0,0.0,30.4,0.0,0.0,-666666666.0,-222222222.0
95486,2019,33.0,0.0,0.0,0.0,48.5,0.0,0.0,0.0,51.5,0.0,0.0,-666666666.0,-222222222.0
95486,2020,29.0,0.0,0.0,0.0,48.3,0.0,0.0,0.0,51.7,0.0,0.0,-666666666.0,-222222222.0
95486,2021,35.0,0.0,0.0,0.0,0.0,62.9,0.0,0.0,37.1,0.0,0.0,-666666666.0,-222222222.0
95486,2022,27.0,0.0,0.0,0.0,0.0,59.3,40.7,0.0,0.0,0.0,0.0,-666666666.0,-222222222.0
95492,2017,9823.0,2.9,2.3,3.6,6.7,10.6,13.4,14.7,23.0,12.2,10.4,91077.0,106549.0
95492,2018,10056.0,2.6,1.3,4.9,4.7,8.5,14.2,14.1,24.0,13.7,12.2,99521.0,113915.0
95492,2019,9757.0,1.8,2.1,4.3,5.7,7.0,13.1,12.6,24.1,14.7,14.5,107153.0,120982.0
95492,2020,9915.0,1.6,2.0,4.4,5.6,6.5,11.5,11.0,23.7,17.6,16.1,118773.0,128386.0
95492,2021,9771.0,1.9,1.8,3.4,6.2,5.7,8.7,10.2,24.7,17.1,20.3,125349.0,142285.0
95492,2022,9826.0,2.0,1.0,4.3,5.1,6.2,8.8,11.1,18.9,21.0,21.6,129250.0,152067.0
95497,2017,618.0,0.0,0.0,5.2,7.8,17.5,16.5,17.6,10.4,12.9,12.1,76759.0,95749.0
95497,2018,601.0,1.7,0.0,7.3,7.3,11.1,18.6,17.6,9.3,12.3,14.6,78350.0,102344.0
95497,2019,604.0,1.7,0.0,6.5,7.6,1.0,23.2,19.7,11.8,10.1,18.5,81833.0,116782.0
95497,2020,646.0,2.3,0.0,9.0,6.2,5.4,25.2,16.9,17.3,3.9,13.8,78125.0,101855.0
95497,2021,583.0,2.7,0.0,9.8,1.5,8.1,21.6,13.0,19.0,11.8,12.3,82552.0,115393.0
95497,2022,643.0,2.6,0.0,6.8,0.0,10.7,7.3,22.9,24.7,6.4,18.5,92260.0,133896.0
95606,2017,92.0,0.0,0.0,1.1,32.6,0.0,39.1,0.0,9.8,17.4,0.0,51389.0,70300.0
95606,2018,99.0,0.0,0.0,2.0,29.3,0.0,38.4,0.0,12.1,18.2,0.0,54152.0,74919.0
95606,2019,98.0,0.0,0.0,2.0,27.6,0.0,37.8,0.0,9.2,21.4,2.0,-666666666.0,-222222222.0
95606,2020,126.0,22.2,0.0,0.8,16.7,0.0,35.7,0.0,7.1,15.9,1.6,56413.0,79394.0
95606,2021,91.0,24.2,0.0,2.2,19.8,0.0,36.3,3.3,0.0,0.0,14.3,50972.0,192591.0
95606,2022,95.0,23.2,0.0,0.0,45.3,0.0,11.6,0.0,3.2,0.0,16.8,26483.0,224799.0
95607,2017,206.0,13.6,3.9,0.0,0.0,0.0,51.9,14.1,0.0,7.3,9.2,67000.0,86610.0
95607,2018,147.0,0.0,4.1,0.0,0.0,0.0,58.5,0.0,11.6,5.4,20.4,68990.0,123148.0
95607,2019,167.0,0.0,0.0,0.0,0.0,5.4,36.5,21.0,10.8,4.8,21.6,75964.0,132499.0
95607,2020,133.0,0.0,0.0,0.0,0.0,6.0,33.1,15.8,18.8,5.3,21.1,76726.0,134277.0
95607,2021,94.0,0.0,0.0,0.0,0.0,22.3,9.6,8.5,16.0,17.0,26.6,130000.0,157539.0
95607,2022,116.0,0.0,0.0,0.0,10.3,22.4,0.0,0.0,17.2,35.3,14.7,136250.0,142248.0
95616,2017,17126.0,16.3,5.6,10.2,7.2,10.7,12.6,7.3,11.1,7.9,11.2,50000.0,85354.0
95616,2018,17381.0,15.8,6.1,9.1,6.7,10.6,13.3,6.4,12.0,8.0,12.0,52827.0,88536.0
95616,2019,17302.0,15.3,6.0,8.1,6.7,9.4,14.0,7.2,11.9,9.1,12.4,55510.0,92279.0
95616,2020,17999.0,14.2,6.0,7.5,5.6,8.5,15.3,8.3,10.7,12.2,11.6,61213.0,97677.0
95616,2021,18126.0,13.6,4.5,6.7,6.6,8.1,14.5,9.4,11.0,11.4,14.2,66205.0,106328.0
95616,2022,18369.0,12.9,5.2,5.2,7.8,6.7,14.3,10.5,11.4,9.5,16.5,69204.0,109859.0
95620,2017,6537.0,1.5,2.1,10.1,7.0,10.5,19.5,16.3,19.2,8.8,5.0,74053.0,90170.0
95620,2018,6660.0,1.9,0.5,9.1,4.9,10.1,21.1,17.5,20.4,10.5,4.2,78079.0,93304.0
95620,2019,6703.0,2.3,0.9,5.6,5.6,10.3,18.0,18.5,21.9,10.1,6.8,82956.0,100622.0
95620,2020,7521.0,2.2,1.5,4.4,5.1,13.5,17.1,19.2,19.2,10.9,6.8,80080.0,102541.0
95620,2021,7379.0,2.3,2.1,3.7,4.2,14.4,15.2,17.8,19.8,11.5,9.0,84891.0,104367.0
95620,2022,7523.0,3.0,1.1,1.4,5.1,12.3,11.6,20.1,23.3,9.8,12.2,94042.0,117972.0
95625,2017,80.0,0.0,23.8,10.0,0.0,11.3,43.8,0.0,11.3,0.0,0.0,57786.0,51616.0
95625,2018,59.0,0.0,0.0,15.3,0.0,15.3,55.9,0.0,13.6,0.0,0.0,58371.0,62800.0
95625,2019,67.0,0.0,0.0,11.9,0.0,11.9,52.2,0.0,23.9,0.0,0.0,61250.0,71934.0
95625,2020,140.0,0.0,0.0,0.0,0.0,6.4,36.4,33.6,17.9,5.7,0.0,85532.0,85458.0
95625,2021,119.0,0.0,0.0,0.0,0.0,10.1,37.0,33.6,19.3,0.0,0.0,90219.0,84394.0
95625,2022,65.0,0.0,0.0,0.0,0.0,0.0,0.0,63.1,36.9,0.0,0.0,-666666666.0,-222222222.0
95627,2017,1109.0,8.5,8.1,5.3,7.4,11.3,26.1,10.4,16.3,2.6,4.1,61411.0,78185.0
95627,2018,1209.0,6.6,7.9,4.5,5.1,13.6,19.2,16.7,18.4,3.6,4.5,66169.0,88772.0
95627,2019,1177.0,7.4,10.2,2.8,3.9,10.9,13.7,18.2,16.7,9.4,6.9,75938.0,95770.0
95627,2020,1277.0,8.0,3.7,1.4,6.5,10.7,12.9,27.8,17.2,6.3,5.4,81563.0,107467.0
95627,2021,1209.0,5.8,2.0,2.3,6.6,11.2,10.0,24.2,16.5,13.6,7.8,88671.0,121107.0
95627,2022,1202.0,3.1,4.1,1.9,6.9,9.4,7.2,21.4,21.0,17.9,7.2,96809.0,107587.0
95637,2017,111.0,0.0,0.0,25.2,27.9,0.0,35.1,11.7,0.0,0.0,0.0,-666666666.0,-222222222.0
95637,2018,83.0,0.0,0.0,37.3,0.0,0.0,62.7,0.0,0.0,0.0,0.0,51641.0,42524.0
95637,2019,97.0,0.0,0.0,30.9,0.0,0.0,60.8,0.0,0.0,0.0,8.2,52917.0,75036.0
95637,2020,56.0,30.4,0.0,0.0,0.0,0.0,57.1,0.0,0.0,0.0,12.5,52115.0,85070.0
95637,2021,56.0,44.6,0.0,0.0,0.0,0.0,26.8,16.1,0.0,0.0,12.5,-666666666.0,-222222222.0
95637,2022,125.0,20.8,0.0,0.0,0.0,0.0,14.4,8.0,26.4,22.4,8.0,128144.0,124185.0
95653,2017,182.0,6.0,0.0,0.0,14.8,18.1,16.5,17.6,23.1,3.8,0.0,59583.0,74559.0
95653,2018,137.0,0.0,0.0,0.0,20.4,25.5,13.9,17.5,20.4,2.2,0.0,58646.0,71516.0
95653,2019,193.0,0.0,32.1,0.0,12.4,26.9,3.1,20.2,0.0,5.2,0.0,41050.0,49868.0
95653,2020,182.0,0.0,14.3,14.8,13.7,51.6,0.0,0.0,5.5,0.0,0.0,42985.0,36836.0
95653,2021,166.0,0.0,15.1,16.3,16.3,30.7,17.5,0.0,4.2,0.0,0.0,42696.0,36907.0
95653,2022,175.0,0.0,16.6,30.9,0.0,14.9,16.6,0.0,5.7,0.0,15.4,-666666666.0,-222222222.0
95679,2017,24.0,0.0,0.0,0.0,0.0,0.0,0.0,0.0,58.3,41.7,0.0,-666666666.0,-222222222.0
95679,2018,26.0,0.0,0.0,0.0,0.0,0.0,0.0,0.0,57.7,42.3,0.0,-666666666.0,-222222222.0
95679,2019,24.0,0.0,0.0,0.0,41.7,0.0,0.0,0.0,58.3,0.0,0.0,-666666666.0,-222222222.0
95679,2020,25.0,0.0,0.0,0.0,28.0,0.0,0.0,0.0,72.0,0.0,0.0,-666666666.0,-222222222.0
95679,2021,64.0,0.0,0.0,0.0,0.0,12.5,0.0,32.8,20.3,0.0,34.4,-666666666.0,-222222222.0
95679,2022,56.0,0.0,0.0,0.0,0.0,16.1,0.0,46.4,0.0,0.0,37.5,-666666666.0,-222222222.0
95687,2017,22060.0,3.6,3.8,6.1,6.1,11.9,16.7,15.7,20.5,9.2,6.2,77222.0,92441.0
95687,2018,22429.0,3.6,3.4,6.1,5.8,10.6,16.3,15.7,21.3,9.5,7.6,81586.0,96270.0
95687,2019,22220.0,3.7,2.6,5.3,5.8,9.4,16.0,15.0,22.4,10.7,9.0,86056.0,103345.0
95687,2020,22193.0,3.5,2.3,3.7,5.1,8.3,15.8,15.4,22.6,12.6,10.7,92653.0,109777.0
95687,2021,22424.0,3.2,1.9,3.5,4.5,8.1,16.0,16.4,22.0,13.4,11.1,95153.0,113821.0
95687,2022,22564.0,2.4,1.7,2.8,3.9,7.0,13.3,16.2,23.4,13.7,15.6,104135.0,124756.0
95688,2017,13032.0,3.5,2.5,5.0,5.9,11.4,18.3,12.8,18.4,11.5,10.7,82809.0,102558.0
95688,2018,13234.0,3.5,2.5,4.3,6.8,10.8,15.8,12.4,18.7,12.9,12.3,88053.0,108115.0
95688,2019,13231.0,3.0,2.5,3.7,6.1,9.3,14.6,13.6,20.5,13.3,13.3,94863.0,115223.0
95688,2020,13703.0,2.7,2.2,2.7,5.8,8.3,15.1,13.9,19.2,13.2,16.8,98579.0,124779.0
95688,2021,13909.0,2.4,2.7,2.9,4.5,8.3,13.4,11.8,20.2,13.6,20.3,106575.0,132750.0
95688,2022,14035.0,3.2,2.8,2.4,4.0,6.5,11.6,11.3,20.4,14.6,23.0,116699.0,142472.0
95694,2017,3503.0,3.9,2.1,8.7,7.7,11.4,16.7,16.6,14.5,7.6,10.9,74744.0,98763.0
95694,2018,3594.0,3.9,1.8,7.3,7.7,9.8,14.2,19.4,17.1,8.0,10.8,82620.0,105884.0
95694,2019,3477.0,2.9,2.5,5.5,6.6,10.6,14.1,16.0,20.4,9.3,12.2,84949.0,118949.0
95694,2020,3511.0,6.1,2.3,3.0,5.4,8.6,13.3,16.3,15.5,14.1,15.4,87097.0,127287.0
95694,2021,3299.0,7.4,2.8,4.0,4.0,5.7,15.2,18.1,18.3,11.2,13.3,87371.0,123893.0
95694,2022,3269.0,6.8,2.2,5.7,3.2,4.9,11.0,15.2,14.5,19.2,17.2,101354.0,142128.0
95695,2017,14545.0,4.7,5.8,8.8,8.5,12.5,21.9,11.8,14.8,5.8,5.4,59357.0,77727.0
95695,2018,14625.0,4.5,4.2,8.2,9.0,12.0,22.0,14.2,13.7,5.7,6.5,62380.0,82056.0
95695,2019,14749.0,3.6,3.4,7.4,8.0,13.0,21.9,15.2,13.7,6.5,7.3,64390.0,90858.0
95695,2020,14361.0,4.2,3.3,5.8,6.9,14.0,20.9,13.8,17.5,6.4,7.2,68158.0,93000.0
95695,2021,14578.0,3.5,3.6,4.8,6.5,11.4,21.6,14.9,17.3,8.3,8.0,73131.0,99798.0
95695,2022,14626.0,3.5,2.9,5.8,6.4,10.1,19.4,14.6,17.3,9.6,10.3,79009.0,108009.0
95697,2017,143.0,5.6,6.3,28.7,0.0,5.6,5.6,25.9,22.4,0.0,0.0,-666666666.0,-222222222.0
95697,2018,144.0,5.6,0.0,27.1,0.0,6.3,11.8,25.7,23.6,0.0,0.0,69688.0,62129.0
95697,2019,94.0,9.6,0.0,36.2,0.0,10.6,9.6,16.0,18.1,0.0,0.0,-666666666.0,-222222222.0
95697,2020,90.0,12.2,0.0,35.6,0.0,0.0,11.1,18.9,22.2,0.0,0.0,-666666666.0,-222222222.0
95697,2021,105.0,0.0,0.0,18.1,0.0,0.0,30.5,21.0,30.5,0.0,0.0,85170.0,74386.0
95697,2022,89.0,0.0,0.0,0.0,49.4,0.0,25.8,24.7,0.0,0.0,0.0,-666666666.0,-222222222.0
95698,2017,88.0,12.5,0.0,10.2,10.2,36.4,0.0,0.0,11.4,19.3,0.0,39706.0,70538.0
95698,2018,69.0,11.6,0.0,13.0,13.0,26.1,0.0,0.0,0.0,36.2,0.0,-666666666.0,-222222222.0
95698,2019,107.0,27.1,0.0,8.4,31.8,0.0,8.4,0.0,0.0,24.3,0.0,26615.0,56453.0
95698,2020,118.0,15.3,0.0,6.8,20.3,0.0,5.9,0.0,0.0,22.9,28.8,-666666666.0,-222222222.0
95698,2021,138.0,20.3,0.0,9.4,20.3,0.0,7.2,8.7,5.8,4.3,23.9,-666666666.0,-222222222.0
95698,2022,121.0,24.0,0.0,0.0,23.1,0.0,8.3,9.9,6.6,0.0,28.1,-666666666.0,-222222222.0
95912,2017,1417.0,5.6,3.0,7.2,13.1,10.0,18.8,21.5,12.7,4.9,3.1,65512.0,82810.0
95912,2018,1506.0,2.9,2.0,9.4,11.2,12.0,17.9,21.4,14.7,3.6,4.9,68590.0,89294.0
95912,2019,1576.0,3.3,2.2,11.2,8.6,8.9,21.3,19.8,14.0,3.7,7.1,69786.0,91365.0
95912,2020,1545.0,4.0,0.8,7.2,13.2,13.7,24.3,11.5,15.8,3.9,5.5,64923.0,84943.0
95912,2021,1406.0,3.4,1.1,8.4,6.5,23.8,16.7,13.7,14.6,5.0,6.8,64667.0,85508.0
95912,2022,1522.0,1.1,0.0,6.9,6.0,15.2,19.3,16.6,19.1,6.3,9.7,77772.0,106806.0
95932,2017,2755.0,3.8,7.2,9.6,9.2,16.3,20.2,12.8,9.4,7.0,4.4,53342.0,73184.0
95932,2018,2802.0,3.9,6.4,14.3,10.2,14.8,20.0,12.6,9.6,4.7,3.6,50551.0,68054.0
95932,2019,2874.0,4.2,6.5,13.1,8.7,13.1,22.7,12.8,11.2,4.1,3.6,54167.0,70620.0
95932,2020,2986.0,4.5,8.6,15.3,6.2,12.0,21.9,12.1,11.5,4.9,2.9,55284.0,69226.0
95932,2021,3002.0,7.9,5.4,13.9,6.5,13.3,16.8,12.8,15.1,3.5,4.7,56582.0,73302.0
95932,2022,3010.0,7.0,4.7,8.3,11.0,10.3,18.2,14.3,13.6,7.3,5.4,62625.0,80085.0
95937,2017,515.0,3.5,4.1,15.7,6.8,18.1,27.8,0.0,14.0,6.6,3.5,50552.0,71352.0
95937,2018,517.0,6.6,1.4,15.7,8.5,19.9,23.8,5.0,12.2,3.5,3.5,49095.0,68362.0
95937,2019,536.0,6.9,1.5,12.5,9.5,17.2,23.9,4.9,10.3,5.0,8.4,51625.0,90639.0
95937,2020,622.0,5.6,1.6,34.1,5.8,10.0,21.2,2.6,8.7,3.7,6.8,41125.0,76765.0
95937,2021,515.0,5.6,2.3,15.7,25.2,11.1,18.1,3.5,9.1,5.8,3.5,40688.0,76689.0
95937,2022,496.0,6.3,2.4,4.8,31.0,18.8,4.4,10.7,12.9,6.0,2.6,45988.0,90178.0
95979,2017,270.0,18.5,10.7,8.1,7.8,20.0,16.7,8.9,3.7,1.9,3.7,38056.0,61742.0
95979,2018,206.0,14.1,10.2,9.2,10.7,18.9,19.4,3.4,4.4,5.3,4.4,39167.0,66102.0
95979,2019,203.0,22.2,9.9,8.9,9.9,16.7,14.8,3.4,5.9,3.9,4.4,34625.0,63461.0
95979,2020,170.0,22.9,12.9,6.5,12.9,13.5,10.0,4.1,10.0,2.9,4.1,31667.0,59875.0
95979,2021,163.0,26.4,15.3,6.1,11.0,9.8,9.2,4.9,11.0,3.1,3.1,26250.0,64292.0
95979,2022,172.0,8.1,19.2,12.8,12.2,5.8,16.9,10.5,11.6,2.9,0.0,33000.0,49715.0
95987,2017,1821.0,1.5,4.0,13.1,9.8,14.7,23.8,15.7,9.0,5.7,2.7,58920.0,78846.0
95987,2018,1803.0,2.3,4.7,14.9,9.4,12.3,17.9,16.2,11.1,6.4,4.9,60774.0,103366.0
95987,2019,1766.0,2.7,5.3,10.0,10.0,12.6,17.0,17.4,17.4,4.9,2.7,66095.0,79930.0
95987,2020,1738.0,3.8,4.0,8.3,9.3,10.5,15.1,15.4,19.7,5.9,8.0,72500.0,90741.0
95987,2021,1871.0,3.8,5.3,10.0,8.2,8.4,12.9,17.5,17.4,6.1,10.4,77545.0,95300.0
95987,2022,1878.0,2.7,2.0,7.9,8.0,10.8,10.8,21.6,12.8,13.5,9.8,82935.0,105346.0
