Zip Code,Year,HPI with 2000 base,Annual Change (%),Active,Renewed,Total population,Male,Female,Under 5 years,5 to 9 years,10 to 14 years,15 to 19 years,20 to 24 years,25 to 34 years,35 to 44 years,45 to 54 years,55 to 59 years,60 to 64 years,65 to 74 years,75 to 84 years,85 years and over,Total (Households),"Less than $10,000","$10,000 to $14,999","$15,000 to $24,999","$25,000 to $34,999","$35,000 to $49,999","$50,000 to $74,999","$75,000 to $99,999","$100,000 to $149,999","$150,000 to $199,999","$200,000 or more",Median income (dollars),Mean income (dollars)
94558,2017.0,205.90,5.66,19672.0,17825.0,68617.0,49.9,50.1,5.1,5.1,7.0,6.7,6.0,12.5,12.0,13.9,7.2,6.7,10.1,5.1,2.5,23988.0,2.4,3.6,6.1,6.1,10.5,16.1,13.2,19.2,10.4,12.5,83491.0,112224.0
94558,2018.0,216.83,5.31,19711.0,17833.0,69142.0,49.9,50.1,4.9,5.6,6.9,6.5,5.8,12.3,12.4,13.6,7.1,6.8,10.3,5.3,2.6,24302.0,2.8,2.6,6.1,6.4,9.7,15.0,13.0,20.0,10.6,13.9,88765.0,117374.0
94558,2019.0,221.96,2.37,19693.0,17732.0,68315.0,49.5,50.5,4.8,5.5,6.8,6.5,5.7,12.2,12.1,13.6,7.4,6.4,10.9,5.6,2.4,23924.0,2.9,2.7,4.8,5.7,8.8,14.4,14.0,19.5,11.5,15.7,93052.0,123939.0
94558,2020.0,224.56,1.17,19702.0,17904.0,66854.0,49.0,51.0,4.3,5.2,7.0,6.5,5.6,11.9,11.9,13.4,7.5,6.6,11.5,6.2,2.4,24027.0,3.1,2.4,5.6,6.3,8.6,12.5,12.4,19.5,12.3,17.4,97759.0,126309.0
94558,2020.0,224.56,1.17,19533.0,17802.0,66854.0,49.0,51.0,4.3,5.2,7.0,6.5,5.6,11.9,11.9,13.4,7.5,6.6,11.5,6.2,2.4,24027.0,3.1,2.4,5.6,6.3,8.6,12.5,12.4,19.5,12.3,17.4,97759.0,126309.0
94558,2021.0,249.08,10.92,19746.0,17755.0,66345.0,49.6,50.4,4.5,5.0,6.8,6.1,5.3,12.1,12.1,13.3,7.6,6.6,11.8,6.3,2.5,24070.0,3.6,2.1,4.2,6.4,7.7,11.5,13.5,19.6,13.2,18.2,102244.0,132989.0
94558,2021.0,249.08,10.92,19555.0,17621.0,66345.0,49.6,50.4,4.5,5.0,6.8,6.1,5.3,12.1,12.1,13.3,7.6,6.6,11.8,6.3,2.5,24070.0,3.6,2.1,4.2,6.4,7.7,11.5,13.5,19.6,13.2,18.2,102244.0,132989.0
94558,2022.0,276.93,11.18,19136.0,17391.0,65084.0,49.9,50.1,4.2,4.6,6.9,6.0,5.6,11.5,12.3,13.1,7.8,6.8,11.8,6.7,2.9,24253.0,4.1,2.1,3.9,5.2,7.0,12.1,11.2,20.3,13.2,20.9,110397.0,144156.0
94558,2023.0,287.55,3.84,,,,,,,,,,,,,,,,,,,,,,,,,,,,,,,
95687,2017.0,188.68,7.46,17806.0,15827.0,67504.0,52.5,47.5,5.4,6.6,6.0,5.9,7.3,15.1,12.5,14.4,7.0,6.1,7.8,4.0,1.9,22060.0,3.6,3.8,6.1,6.1,11.9,16.7,15.7,20.5,9.2,6.2,77222.0,92441.0
95687,2018.0,201.91,7.01,17932.0,15930.0,68069.0,52.7,47.3,5.2,6.5,5.9,5.8,6.8,16.0,12.8,14.0,6.7,6.1,8.1,4.2,1.9,22429.0,3.6,3.4,6.1,5.8,10.6,16.3,15.7,21.3,9.5,7.6,81586.0,96270.0
95687,2019.0,209.09,3.55,18142.0,16149.0,69060.0,52.7,47.3,5.3,6.8,6.0,5.6,6.5,15.9,13.0,13.6,6.6,6.2,8.5,4.1,2.0,22220.0,3.7,2.6,5.3,5.8,9.4,16.0,15.0,22.4,10.7,9.0,86056.0,103345.0
95687,2020.0,214.53,2.6,18546.0,16292.0,69073.0,53.5,46.5,5.5,6.4,5.5,5.3,6.1,16.9,13.0,13.6,6.4,6.4,8.8,4.4,1.8,22193.0,3.5,2.3,3.7,5.1,8.3,15.8,15.4,22.6,12.6,10.7,92653.0,109777.0
95687,2020.0,214.53,2.6,18545.0,16323.0,69073.0,53.5,46.5,5.5,6.4,5.5,5.3,6.1,16.9,13.0,13.6,6.4,6.4,8.8,4.4,1.8,22193.0,3.5,2.3,3.7,5.1,8.3,15.8,15.4,22.6,12.6,10.7,92653.0,109777.0
95687,2021.0,248.37,15.78,18924.0,16512.0,69825.0,54.0,46.0,5.5,5.9,5.2,5.3,6.0,17.4,13.5,12.8,6.5,6.7,9.2,4.3,1.6,22424.0,3.2,1.9,3.5,4.5,8.1,16.0,16.4,22.0,13.4,11.1,95153.0,113821.0
95687,2021.0,248.37,15.78,18897.0,16519.0,69825.0,54.0,46.0,5.5,5.9,5.2,5.3,6.0,17.4,13.5,12.8,6.5,6.7,9.2,4.3,1.6,22424.0,3.2,1.9,3.5,4.5,8.1,16.0,16.4,22.0,13.4,11.1,95153.0,113821.0
95687,2022.0,274.50,10.52,18815.0,16842.0,68996.0,53.6,46.4,5.7,6.3,5.1,5.8,5.6,18.0,13.9,11.4,6.3,7.1,9.2,4.1,1.6,22564.0,2.4,1.7,2.8,3.9,7.0,13.3,16.2,23.4,13.7,15.6,104135.0,124756.0
95687,2023.0,271.39,-1.13,,,,,,,,,,,,,,,,,,,,,,,,,,,,,,,
94533,2017.0,189.27,11.39,17949.0,15916.0,74833.0,49.4,50.6,6.5,8.0,7.0,6.9,7.7,15.5,12.6,13.2,5.7,5.1,6.6,3.9,1.3,23414.0,5.5,4.2,8.0,9.0,13.0,17.9,14.4,17.2,6.3,4.4,62612.0,79548.0
94533,2018.0,203.32,7.43,17761.0,15831.0,75635.0,49.6,50.4,7.1,7.4,6.8,6.9,7.2,16.1,12.5,13.4,5.5,5.3,6.7,3.6,1.5,23867.0,4.6,3.6,7.8,7.5,12.6,18.0,14.4,18.7,7.2,5.6,67442.0,85265.0
94533,2019.0,213.95,5.23,18128.0,15834.0,75909.0,49.2,50.8,7.4,7.0,6.7,6.9,7.1,16.8,12.3,13.1,5.6,5.4,6.5,3.6,1.6,24038.0,4.5,3.0,5.9,7.3,12.8,17.6,15.0,19.3,8.0,6.7,73042.0,90370.0
94533,2020.0,220.09,2.87,18322.0,16157.0,78695.0,48.6,51.4,7.6,6.2,7.4,6.5,7.1,17.0,12.2,12.5,5.7,5.2,7.2,3.5,1.9,24396.0,4.2,2.6,6.6,7.1,11.4,17.7,16.3,19.9,7.3,6.9,75544.0,90293.0
94533,2020.0,220.09,2.87,18343.0,16203.0,78695.0,48.6,51.4,7.6,6.2,7.4,6.5,7.1,17.0,12.2,12.5,5.7,5.2,7.2,3.5,1.9,24396.0,4.2,2.6,6.6,7.1,11.4,17.7,16.3,19.9,7.3,6.9,75544.0,90293.0
94533,2021.0,253.45,15.16,18610.0,16222.0,79665.0,49.1,50.9,7.3,6.1,7.6,6.5,7.2,17.2,12.3,12.4,5.8,5.3,7.1,3.4,1.7,24343.0,4.4,2.3,5.6,7.1,10.5,17.4,14.5,22.5,7.1,8.6,79259.0,97257.0
94533,2021.0,253.45,15.16,18609.0,16219.0,79665.0,49.1,50.9,7.3,6.1,7.6,6.5,7.2,17.2,12.3,12.4,5.8,5.3,7.1,3.4,1.7,24343.0,4.4,2.3,5.6,7.1,10.5,17.4,14.5,22.5,7.1,8.6,79259.0,97257.0
94533,2022.0,286.22,12.93,18567.0,16629.0,78129.0,49.1,50.9,6.9,6.0,7.0,6.7,7.0,16.8,12.4,12.7,5.8,5.3,7.5,3.8,2.0,24660.0,4.9,2.4,4.2,7.9,9.0,16.2,14.3,21.9,8.5,10.8,84907.0,106593.0
94533,2023.0,284.66,-0.54,,,,,,,,,,,,,,,,,,,,,,,,,,,,,,,
94534,2017.0,173.99,6.25,12428.0,11038.0,37409.0,48.8,51.2,5.4,6.4,6.1,6.3,5.7,11.5,12.9,15.7,7.3,7.7,9.4,3.5,2.1,12750.0,2.4,1.5,3.7,2.8,7.3,15.6,13.6,24.5,13.7,14.8,105033.0,128129.0
94534,2018.0,187.18,7.58,12856.0,11236.0,38444.0,48.5,51.5,6.0,6.4,5.9,5.6,5.8,11.4,13.0,15.1,7.4,8.1,9.3,3.7,2.1,12979.0,2.3,1.7,3.0,2.7,6.7,13.5,13.6,23.5,14.4,18.5,110761.0,136486.0
94534,2019.0,191.38,2.24,12970.0,11469.0,39239.0,49.1,50.9,5.6,6.1,7.0,5.8,4.7,12.2,14.1,13.2,7.9,7.7,10.0,3.5,2.2,13097.0,2.8,1.4,2.8,3.8,5.9,12.2,12.5,25.1,14.3,19.2,114537.0,142639.0
94534,2020.0,195.85,2.34,13045.0,11633.0,38471.0,50.7,49.3,5.7,5.5,6.6,5.8,4.9,12.3,14.3,14.1,6.8,7.2,10.7,4.2,1.9,13121.0,1.7,1.1,2.9,3.7,5.5,14.1,12.3,25.2,14.3,19.2,115561.0,142552.0
94534,2020.0,195.85,2.34,13037.0,11652.0,38471.0,50.7,49.3,5.7,5.5,6.6,5.8,4.9,12.3,14.3,14.1,6.8,7.2,10.7,4.2,1.9,13121.0,1.7,1.1,2.9,3.7,5.5,14.1,12.3,25.2,14.3,19.2,115561.0,142552.0
94534,2021.0,223.41,14.07,13245.0,11546.0,39318.0,51.3,48.7,6.4,5.6,7.0,5.8,4.8,10.7,15.9,13.0,6.4,7.4,10.6,4.7,1.5,13267.0,1.8,0.7,2.3,4.1,5.6,10.6,10.2,27.3,14.0,23.3,121478.0,146989.0
94534,2021.0,223.41,14.07,13219.0,11528.0,39318.0,51.3,48.7,6.4,5.6,7.0,5.8,4.8,10.7,15.9,13.0,6.4,7.4,10.6,4.7,1.5,13267.0,1.8,0.7,2.3,4.1,5.6,10.6,10.2,27.3,14.0,23.3,121478.0,146989.0
94534,2022.0,249.49,11.68,13003.0,11661.0,41395.0,50.3,49.7,6.3,6.2,6.9,6.3,5.6,10.7,15.2,12.9,6.5,6.0,10.5,5.2,1.9,13549.0,2.7,0.3,1.9,3.4,4.7,8.6,12.0,22.6,17.0,26.7,132382.0,162507.0
94534,2023.0,252.59,1.24,,,,,,,,,,,,,,,,,,,,,,,,,,,,,,,
95688,2017.0,183.15,7.06,11714.0,10512.0,36745.0,50.6,49.4,6.1,5.6,7.7,6.4,6.3,13.2,12.2,15.0,7.2,5.9,8.8,3.7,1.8,13032.0,3.5,2.5,5.0,5.9,11.4,18.3,12.8,18.4,11.5,10.7,82809.0,102558.0
95688,2018.0,193.91,5.88,11678.0,10507.0,37227.0,50.0,50.0,5.7,6.0,8.4,6.2,6.3,13.3,11.8,13.9,7.7,6.2,9.3,3.5,1.8,13234.0,3.5,2.5,4.3,6.8,10.8,15.8,12.4,18.7,12.9,12.3,88053.0,108115.0
95688,2019.0,200.47,3.38,11834.0,10499.0,37260.0,49.7,50.3,6.2,5.8,7.4,5.7,6.3,13.7,12.1,14.0,7.5,6.2,9.5,3.7,1.7,13231.0,3.0,2.5,3.7,6.1,9.3,14.6,13.6,20.5,13.3,13.3,94863.0,115223.0
95688,2020.0,204.01,1.77,11981.0,10577.0,38114.0,49.3,50.7,6.2,7.2,6.2,5.5,6.4,12.6,12.2,13.4,8.1,5.8,10.3,4.3,1.9,13703.0,2.7,2.2,2.7,5.8,8.3,15.1,13.9,19.2,13.2,16.8,98579.0,124779.0
95688,2020.0,204.01,1.77,11980.0,10595.0,38114.0,49.3,50.7,6.2,7.2,6.2,5.5,6.4,12.6,12.2,13.4,8.1,5.8,10.3,4.3,1.9,13703.0,2.7,2.2,2.7,5.8,8.3,15.1,13.9,19.2,13.2,16.8,98579.0,124779.0
95688,2021.0,234.45,14.92,12066.0,10735.0,39967.0,48.6,51.4,6.2,7.6,6.5,5.8,7.1,11.6,12.9,12.6,8.1,6.0,9.9,4.0,1.7,13909.0,2.4,2.7,2.9,4.5,8.3,13.4,11.8,20.2,13.6,20.3,106575.0,132750.0
95688,2021.0,234.45,14.92,12055.0,10734.0,39967.0,48.6,51.4,6.2,7.6,6.5,5.8,7.1,11.6,12.9,12.6,8.1,6.0,9.9,4.0,1.7,13909.0,2.4,2.7,2.9,4.5,8.3,13.4,11.8,20.2,13.6,20.3,106575.0,132750.0
95688,2022.0,260.29,11.02,11905.0,10703.0,40147.0,48.8,51.2,5.9,7.6,6.9,6.1,7.4,10.8,13.6,11.3,7.9,6.2,9.9,4.7,1.9,14035.0,3.2,2.8,2.4,4.0,6.5,11.6,11.3,20.4,14.6,23.0,116699.0,142472.0
95688,2023.0,255.32,-1.91,,,,,,,,,,,,,,,,,,,,,,,,,,,,,,,
95448,2017.0,225.81,3.99,5437.0,4902.0,17666.0,49.7,50.3,3.9,4.5,5.1,5.0,6.3,11.1,10.4,13.5,7.7,9.6,14.6,5.6,2.6,7007.0,3.4,3.0,8.2,7.0,9.5,16.6,12.3,17.2,9.2,13.5,78515.0,129374.0
95448,2018.0,246.68,9.24,5480.0,4910.0,17482.0,48.8,51.2,3.7,4.4,5.6,4.9,5.1,11.1,9.0,14.4,7.3,10.2,15.3,6.8,2.4,6893.0,2.9,2.5,5.3,7.2,9.3,15.7,12.8,16.5,11.2,16.6,89719.0,140252.0
95448,2019.0,240.60,-2.47,5482.0,4888.0,17407.0,49.7,50.3,4.2,3.4,4.5,5.5,4.5,10.4,10.9,14.2,8.4,9.4,16.2,6.5,2.0,6797.0,3.6,2.1,5.2,7.6,7.4,14.2,13.2,17.4,11.2,17.9,95114.0,139558.0
95448,2020.0,240.28,-0.13,5552.0,5023.0,17353.0,48.5,51.5,5.8,4.2,4.6,3.6,4.2,11.1,13.4,12.6,6.8,7.9,17.4,6.1,2.3,6899.0,4.3,3.2,4.0,5.4,6.5,16.2,14.3,18.2,9.8,18.1,95938.0,139747.0
95448,2020.0,240.28,-0.13,5384.0,4912.0,17353.0,48.5,51.5,5.8,4.2,4.6,3.6,4.2,11.1,13.4,12.6,6.8,7.9,17.4,6.1,2.3,6899.0,4.3,3.2,4.0,5.4,6.5,16.2,14.3,18.2,9.8,18.1,95938.0,139747.0
95448,2021.0,259.82,8.13,5667.0,5020.0,16596.0,48.5,51.5,5.4,3.9,4.5,4.2,3.9,10.2,13.8,11.8,6.0,8.9,18.2,6.9,2.3,6724.0,3.9,2.6,4.0,5.9,6.8,14.1,12.6,17.0,12.7,20.4,100267.0,147144.0
95448,2021.0,259.82,8.13,5517.0,4900.0,16596.0,48.5,51.5,5.4,3.9,4.5,4.2,3.9,10.2,13.8,11.8,6.0,8.9,18.2,6.9,2.3,6724.0,3.9,2.6,4.0,5.9,6.8,14.1,12.6,17.0,12.7,20.4,100267.0,147144.0
95448,2022.0,292.46,12.56,5416.0,4761.0,16745.0,48.3,51.7,4.9,3.3,4.1,5.5,4.2,11.2,12.2,12.4,6.4,8.5,17.9,7.4,2.0,6949.0,4.5,1.6,5.0,6.2,6.6,14.6,11.2,15.3,12.9,22.0,100437.0,145605.0
95448,2023.0,292.75,0.1,,,,,,,,,,,,,,,,,,,,,,,,,,,,,,,
94574,2017.0,215.85,4.39,2723.0,2454.0,9100.0,46.6,53.4,4.5,5.1,5.1,4.3,4.5,8.3,10.8,12.2,7.5,8.3,15.8,8.1,5.5,3658.0,4.6,6.1,4.4,9.7,8.9,12.5,12.5,16.2,9.2,15.8,83720.0,142404.0
94574,2018.0,222.71,3.18,2761.0,2452.0,8677.0,46.8,53.2,4.7,5.5,4.3,4.6,4.9,9.9,10.1,12.8,7.1,8.0,16.6,8.9,2.6,3614.0,3.7,4.8,6.1,9.1,8.7,11.4,12.7,17.9,6.9,18.8,89095.0,151874.0
94574,2019.0,231.04,3.74,2747.0,2429.0,8757.0,47.4,52.6,4.8,6.3,2.4,4.4,5.4,10.2,9.6,13.6,8.3,7.4,16.3,8.6,2.9,3796.0,2.4,3.6,6.5,7.5,10.5,11.7,10.6,17.3,7.7,22.2,93587.0,167019.0
94574,2020.0,232.50,0.63,2774.0,2487.0,8527.0,50.3,49.7,4.5,4.2,1.1,3.9,4.7,10.3,12.4,12.1,7.3,7.6,18.0,10.6,3.2,3931.0,2.2,2.7,6.1,4.8,11.9,10.9,8.8,17.8,8.3,26.5,104848.0,188872.0
94574,2020.0,232.50,0.63,2608.0,2361.0,8527.0,50.3,49.7,4.5,4.2,1.1,3.9,4.7,10.3,12.4,12.1,7.3,7.6,18.0,10.6,3.2,3931.0,2.2,2.7,6.1,4.8,11.9,10.9,8.8,17.8,8.3,26.5,104848.0,188872.0
94574,2021.0,253.61,9.08,2735.0,2427.0,7859.0,49.7,50.3,4.4,4.4,2.5,5.9,4.1,9.7,13.5,12.5,7.5,6.2,16.5,9.3,3.4,3443.0,3.2,1.5,2.9,8.2,10.4,11.3,7.9,15.8,10.3,28.7,116322.0,204264.0
94574,2021.0,253.61,9.08,2600.0,2321.0,7859.0,49.7,50.3,4.4,4.4,2.5,5.9,4.1,9.7,13.5,12.5,7.5,6.2,16.5,9.3,3.4,3443.0,3.2,1.5,2.9,8.2,10.4,11.3,7.9,15.8,10.3,28.7,116322.0,204264.0
94574,2022.0,258.18,1.8,2432.0,2150.0,7827.0,50.4,49.6,3.9,4.3,3.4,4.7,4.6,10.5,13.7,12.3,6.2,5.6,16.5,10.0,4.3,3457.0,2.4,1.0,2.2,9.2,7.1,13.0,5.5,16.1,12.1,31.5,130250.0,225416.0
94574,2023.0,242.08,-6.24,,,,,,,,,,,,,,,,,,,,,,,,,,,,,,,
95446,2017.0,195.44,8.23,2769.0,2436.0,4728.0,54.0,46.0,2.6,1.9,3.7,3.0,4.9,13.8,10.4,18.5,7.5,11.7,15.3,4.6,2.1,2346.0,6.4,6.2,13.1,5.8,13.2,20.2,8.6,15.0,7.2,4.3,55132.0,77075.0
95446,2018.0,215.25,10.14,2738.0,2415.0,5100.0,51.4,48.6,1.8,2.6,5.0,4.3,3.4,12.7,12.7,16.3,7.1,9.4,16.2,5.7,2.6,2418.0,4.1,4.9,9.9,6.1,15.8,18.4,13.6,16.1,6.3,4.6,61161.0,81278.0
95446,2019.0,216.89,0.76,2769.0,2399.0,5168.0,51.7,48.3,2.1,2.6,4.5,3.3,2.1,10.7,11.7,19.2,8.5,9.5,16.0,7.6,2.1,2510.0,3.1,6.5,9.8,5.9,14.0,16.1,14.2,16.8,7.9,5.7,65784.0,87657.0
95446,2020.0,215.70,-0.55,2921.0,2568.0,4951.0,51.9,48.1,1.5,1.9,4.7,3.4,1.4,12.1,11.8,17.3,7.1,10.0,19.3,7.1,2.5,2443.0,1.9,5.0,9.5,4.9,13.1,15.5,16.1,18.4,8.4,7.1,75035.0,99209.0
95446,2020.0,215.70,-0.55,2850.0,2536.0,4951.0,51.9,48.1,1.5,1.9,4.7,3.4,1.4,12.1,11.8,17.3,7.1,10.0,19.3,7.1,2.5,2443.0,1.9,5.0,9.5,4.9,13.1,15.5,16.1,18.4,8.4,7.1,75035.0,99209.0
95446,2021.0,239.63,11.09,2883.0,2475.0,4781.0,56.7,43.3,1.2,2.5,3.2,3.7,2.2,14.9,10.7,16.1,8.6,8.6,20.7,5.9,1.7,2336.0,2.1,6.1,8.3,7.2,7.8,14.2,21.4,17.8,5.4,9.7,79205.0,104751.0
95446,2021.0,239.63,11.09,2811.0,2430.0,4781.0,56.7,43.3,1.2,2.5,3.2,3.7,2.2,14.9,10.7,16.1,8.6,8.6,20.7,5.9,1.7,2336.0,2.1,6.1,8.3,7.2,7.8,14.2,21.4,17.8,5.4,9.7,79205.0,104751.0
95446,2022.0,274.51,14.56,2532.0,2218.0,4709.0,56.4,43.6,1.0,1.8,4.0,3.9,3.0,13.8,9.4,13.5,10.1,9.6,22.7,5.5,1.5,2407.0,3.0,5.4,7.0,7.4,11.0,12.2,18.9,13.4,9.1,12.5,82706.0,111088.0
95446,2023.0,268.16,-2.31,,,,,,,,,,,,,,,,,,,,,,,,,,,,,,,
95436,2017.0,197.08,8.08,2370.0,2112.0,6227.0,51.7,48.3,3.5,3.8,4.3,4.5,3.5,8.7,11.7,17.2,10.2,11.8,14.3,5.0,1.7,2716.0,6.1,6.9,8.7,7.6,12.2,20.5,13.2,11.2,5.6,7.9,59548.0,86519.0
95436,2018.0,204.85,3.94,2361.0,2099.0,6352.0,51.0,49.0,3.3,3.7,3.6,4.8,3.7,9.6,12.4,15.3,9.7,11.8,15.0,6.1,1.0,2852.0,5.7,7.4,8.5,6.9,8.2,22.1,14.1,13.3,7.2,6.6,63556.0,89706.0
95436,2019.0,207.53,1.31,2353.0,2097.0,6240.0,51.4,48.6,2.3,3.6,4.9,6.7,2.3,10.7,13.0,13.2,8.9,11.9,14.9,6.5,1.0,2823.0,4.4,8.8,8.1,6.7,7.5,20.9,10.6,16.4,9.3,7.2,64902.0,95688.0
95436,2020.0,209.44,0.92,2397.0,2169.0,6602.0,52.6,47.4,5.0,7.3,4.8,5.5,1.3,11.1,18.2,11.1,6.5,10.6,12.8,5.1,0.7,2655.0,4.4,5.8,4.6,6.9,7.7,20.4,13.1,16.9,10.4,9.8,75417.0,101493.0
95436,2020.0,209.44,0.92,2375.0,2155.0,6602.0,52.6,47.4,5.0,7.3,4.8,5.5,1.3,11.1,18.2,11.1,6.5,10.6,12.8,5.1,0.7,2655.0,4.4,5.8,4.6,6.9,7.7,20.4,13.1,16.9,10.4,9.8,75417.0,101493.0
95436,2021.0,233.02,11.26,2431.0,2146.0,6602.0,52.9,47.1,5.6,7.0,4.5,5.8,1.8,11.5,17.6,10.6,6.3,9.9,13.2,5.4,0.8,2644.0,2.5,3.2,6.4,7.1,8.5,19.7,13.0,17.5,10.4,11.7,76742.0,102636.0
95436,2021.0,233.02,11.26,2390.0,2123.0,6602.0,52.9,47.1,5.6,7.0,4.5,5.8,1.8,11.5,17.6,10.6,6.3,9.9,13.2,5.4,0.8,2644.0,2.5,3.2,6.4,7.1,8.5,19.7,13.0,17.5,10.4,11.7,76742.0,102636.0
95436,2022.0,264.44,13.48,2270.0,2031.0,6008.0,51.7,48.3,6.2,6.4,4.2,6.0,2.2,12.5,17.5,8.8,6.6,9.8,13.1,5.9,0.7,2432.0,1.9,2.1,7.4,4.7,8.1,16.1,13.0,19.9,11.2,15.7,87339.0,116483.0
95436,2023.0,256.64,-2.95,,,,,,,,,,,,,,,,,,,,,,,,,,,,,,,
95694,2017.0,205.21,6.53,2298.0,2070.0,10310.0,49.9,50.1,6.7,6.9,6.8,7.1,6.3,12.1,13.1,13.0,9.1,7.7,8.3,2.0,1.1,3503.0,3.9,2.1,8.7,7.7,11.4,16.7,16.6,14.5,7.6,10.9,74744.0,98763.0
95694,2018.0,217.32,5.91,2318.0,2100.0,10386.0,49.5,50.5,7.4,5.2,6.3,6.9,7.6,12.0,11.3,15.0,8.7,7.4,8.4,2.3,1.3,3594.0,3.9,1.8,7.3,7.7,9.8,14.2,19.4,17.1,8.0,10.8,82620.0,105884.0
95694,2019.0,225.33,3.68,2362.0,2076.0,10495.0,50.2,49.8,8.1,6.2,7.1,6.3,7.3,12.4,11.8,12.3,8.9,7.9,7.8,2.6,1.2,3477.0,2.9,2.5,5.5,6.6,10.6,14.1,16.0,20.4,9.3,12.2,84949.0,118949.0
95694,2020.0,228.32,1.33,2471.0,2149.0,10549.0,51.2,48.8,5.6,5.8,5.9,6.5,8.0,11.8,13.8,16.5,7.5,7.3,7.0,3.7,0.7,3511.0,6.1,2.3,3.0,5.4,8.6,13.3,16.3,15.5,14.1,15.4,87097.0,127287.0
95694,2020.0,228.32,1.33,2467.0,2154.0,10549.0,51.2,48.8,5.6,5.8,5.9,6.5,8.0,11.8,13.8,16.5,7.5,7.3,7.0,3.7,0.7,3511.0,6.1,2.3,3.0,5.4,8.6,13.3,16.3,15.5,14.1,15.4,87097.0,127287.0
95694,2021.0,253.84,11.18,2648.0,2230.0,9858.0,51.4,48.6,5.9,4.5,5.2,8.3,8.3,12.2,11.4,17.5,10.0,4.9,6.8,4.3,0.9,3299.0,7.4,2.8,4.0,4.0,5.7,15.2,18.1,18.3,11.2,13.3,87371.0,123893.0
95694,2021.0,253.84,11.18,2646.0,2230.0,9858.0,51.4,48.6,5.9,4.5,5.2,8.3,8.3,12.2,11.4,17.5,10.0,4.9,6.8,4.3,0.9,3299.0,7.4,2.8,4.0,4.0,5.7,15.2,18.1,18.3,11.2,13.3,87371.0,123893.0
95694,2022.0,287.36,13.21,2665.0,2318.0,9600.0,51.0,49.0,5.3,3.9,6.3,9.2,8.0,11.4,12.8,18.2,9.6,4.1,6.3,4.0,1.0,3269.0,6.8,2.2,5.7,3.2,4.9,11.0,15.2,14.5,19.2,17.2,101354.0,142128.0
95694,2023.0,288.79,0.5,,,,,,,,,,,,,,,,,,,,,,,,,,,,,,,
94515,2017.0,192.32,3.56,2226.0,2022.0,7785.0,52.3,47.7,3.9,5.1,6.2,6.8,3.5,11.3,15.4,13.3,5.7,6.8,11.2,8.2,2.5,3110.0,3.5,5.5,11.4,5.5,15.2,9.8,15.0,14.0,3.9,16.3,68603.0,113474.0
94515,2018.0,206.64,7.45,2224.0,1985.0,7436.0,50.8,49.2,4.4,4.2,6.0,6.0,3.5,12.3,14.7,11.9,6.4,7.8,11.7,7.9,2.9,2970.0,3.5,3.5,7.6,6.1,11.9,14.0,14.6,16.9,4.3,17.6,84000.0,133198.0
94515,2019.0,218.57,5.77,2209.0,1951.0,7491.0,53.4,46.6,5.5,4.1,4.7,4.8,3.2,14.2,13.0,12.5,5.8,9.1,10.9,8.5,3.8,3001.0,5.3,4.1,6.4,5.4,10.7,14.4,13.4,15.1,6.0,19.4,85417.0,139610.0
94515,2020.0,218.83,0.12,2268.0,1979.0,7525.0,54.8,45.2,7.0,4.3,2.5,3.9,4.5,14.7,11.1,13.7,5.3,8.6,10.8,10.4,3.2,2772.0,3.6,2.7,3.7,4.4,11.0,20.8,14.6,13.9,7.3,18.0,85263.0,165466.0
94515,2020.0,218.83,0.12,2215.0,1942.0,7525.0,54.8,45.2,7.0,4.3,2.5,3.9,4.5,14.7,11.1,13.7,5.3,8.6,10.8,10.4,3.2,2772.0,3.6,2.7,3.7,4.4,11.0,20.8,14.6,13.9,7.3,18.0,85263.0,165466.0
94515,2021.0,234.86,7.33,2262.0,1999.0,7269.0,50.7,49.3,6.1,5.2,3.4,3.6,4.6,11.2,11.4,14.2,5.6,8.8,12.9,9.4,3.6,2730.0,4.2,5.3,3.3,5.7,10.5,18.5,14.0,14.9,5.1,18.5,84676.0,165528.0
94515,2021.0,234.86,7.33,2191.0,1946.0,7269.0,50.7,49.3,6.1,5.2,3.4,3.6,4.6,11.2,11.4,14.2,5.6,8.8,12.9,9.4,3.6,2730.0,4.2,5.3,3.3,5.7,10.5,18.5,14.0,14.9,5.1,18.5,84676.0,165528.0
94515,2022.0,233.84,-0.43,2133.0,1899.0,7024.0,54.3,45.7,4.8,2.3,2.9,4.8,5.1,13.1,9.5,19.1,5.6,6.9,14.7,8.5,2.6,2728.0,3.9,3.8,2.5,4.9,11.1,10.4,10.6,23.5,8.1,21.3,102557.0,179872.0
94515,2023.0,226.31,-3.22,,,,,,,,,,,,,,,,,,,,,,,,,,,,,,,
95987,2017.0,169.65,10.06,1237.0,1067.0,6050.0,54.8,45.2,5.0,8.2,8.4,6.9,6.9,16.3,11.6,14.3,5.9,7.2,5.7,2.4,1.1,1821.0,1.5,4.0,13.1,9.8,14.7,23.8,15.7,9.0,5.7,2.7,58920.0,78846.0
95987,2018.0,182.18,7.39,1261.0,1094.0,6119.0,50.3,49.7,6.6,7.2,8.8,8.5,5.8,12.9,13.9,12.4,5.9,6.8,6.6,2.5,1.9,1803.0,2.3,4.7,14.9,9.4,12.3,17.9,16.2,11.1,6.4,4.9,60774.0,103366.0
95987,2019.0,202.65,11.23,1276.0,1117.0,5950.0,48.4,51.6,8.4,8.7,8.7,7.9,5.3,16.2,12.5,11.2,4.1,6.0,6.4,2.7,2.0,1766.0,2.7,5.3,10.0,10.0,12.6,17.0,17.4,17.4,4.9,2.7,66095.0,79930.0
95987,2020.0,209.74,3.5,1297.0,1162.0,6040.0,49.3,50.7,9.9,8.7,8.9,8.6,6.1,15.8,12.7,10.5,3.4,4.3,6.1,1.8,3.2,1738.0,3.8,4.0,8.3,9.3,10.5,15.1,15.4,19.7,5.9,8.0,72500.0,90741.0
95987,2020.0,209.74,3.5,1296.0,1162.0,6040.0,49.3,50.7,9.9,8.7,8.9,8.6,6.1,15.8,12.7,10.5,3.4,4.3,6.1,1.8,3.2,1738.0,3.8,4.0,8.3,9.3,10.5,15.1,15.4,19.7,5.9,8.0,72500.0,90741.0
95987,2021.0,233.19,11.18,1344.0,1189.0,6370.0,51.5,48.5,9.1,9.2,8.2,8.6,5.7,14.6,14.6,11.4,3.0,3.9,6.0,2.3,3.7,1871.0,3.8,5.3,10.0,8.2,8.4,12.9,17.5,17.4,6.1,10.4,77545.0,95300.0
95987,2021.0,233.19,11.18,1341.0,1182.0,6370.0,51.5,48.5,9.1,9.2,8.2,8.6,5.7,14.6,14.6,11.4,3.0,3.9,6.0,2.3,3.7,1871.0,3.8,5.3,10.0,8.2,8.4,12.9,17.5,17.4,6.1,10.4,77545.0,95300.0
95987,2022.0,256.91,10.17,1304.0,1181.0,6504.0,49.5,50.5,9.1,7.7,7.0,8.3,7.5,14.7,13.9,11.6,5.0,3.5,6.0,2.1,3.6,1878.0,2.7,2.0,7.9,8.0,10.8,10.8,21.6,12.8,13.5,9.8,82935.0,105346.0
95987,2023.0,279.34,8.73,,,,,,,,,,,,,,,,,,,,,,,,,,,,,,,
95461,2017.0,164.86,7.81,1056.0,914.0,2497.0,50.9,49.1,1.9,4.1,5.4,6.1,6.4,10.7,9.0,14.3,9.4,10.5,12.9,7.6,1.7,1020.0,4.5,12.8,9.6,6.9,17.8,16.5,9.5,15.6,5.1,1.7,45800.0,61996.0
95461,2018.0,178.10,8.03,1075.0,925.0,2440.0,49.7,50.3,3.4,4.9,5.7,7.5,6.4,9.5,9.9,9.2,7.4,12.5,14.0,6.4,3.4,1037.0,5.3,12.8,11.2,8.5,17.2,18.6,10.9,8.6,2.0,4.9,42250.0,64632.0
95461,2019.0,175.39,-1.52,1093.0,915.0,2567.0,46.9,53.1,0.0,7.6,5.9,6.0,0.5,14.3,11.3,12.8,4.6,12.7,14.9,6.3,3.1,1090.0,6.7,5.5,7.5,10.3,24.9,6.3,15.0,7.6,8.6,7.6,46310.0,77664.0
95461,2020.0,191.37,9.11,1123.0,1003.0,2714.0,46.8,53.2,0.0,5.0,7.6,1.9,1.0,17.7,4.2,12.0,6.6,15.6,18.5,7.0,2.9,1281.0,5.7,5.1,4.6,12.4,18.8,15.8,9.8,10.1,9.7,8.1,52314.0,82923.0
95461,2020.0,191.37,9.11,1075.0,977.0,2714.0,46.8,53.2,0.0,5.0,7.6,1.9,1.0,17.7,4.2,12.0,6.6,15.6,18.5,7.0,2.9,1281.0,5.7,5.1,4.6,12.4,18.8,15.8,9.8,10.1,9.7,8.1,52314.0,82923.0
95461,2021.0,209.56,9.51,1103.0,1004.0,3551.0,50.6,49.4,4.6,2.8,7.8,5.6,2.6,15.2,6.3,13.6,3.4,13.9,17.1,5.2,1.8,1322.0,6.1,3.5,4.5,7.6,13.7,17.3,8.5,12.6,15.4,10.9,70800.0,108554.0
95461,2021.0,209.56,9.51,1063.0,979.0,3551.0,50.6,49.4,4.6,2.8,7.8,5.6,2.6,15.2,6.3,13.6,3.4,13.9,17.1,5.2,1.8,1322.0,6.1,3.5,4.5,7.6,13.7,17.3,8.5,12.6,15.4,10.9,70800.0,108554.0
95461,2022.0,223.25,6.53,941.0,854.0,3909.0,49.5,50.5,5.7,2.4,7.5,5.0,3.2,15.8,6.4,12.9,5.1,12.2,18.2,3.9,1.7,1418.0,5.5,3.1,3.9,7.7,8.0,17.8,12.7,10.3,18.7,12.3,79914.0,119506.0
95461,2023.0,188.54,-15.55,,,,,,,,,,,,,,,,,,,,,,,,,,,,,,,
95457,2017.0,161.49,9.06,1076.0,944.0,3058.0,50.8,49.2,1.6,4.5,8.6,2.1,4.0,5.5,8.2,20.6,6.2,8.4,20.3,8.0,2.1,1282.0,4.0,6.6,16.2,13.3,15.3,14.2,13.6,16.1,0.0,0.8,48388.0,58394.0
95457,2018.0,169.82,5.16,1151.0,981.0,3330.0,50.5,49.5,4.1,5.3,7.1,3.3,4.1,7.9,8.0,15.8,5.7,10.8,19.2,7.2,1.4,1347.0,2.3,9.1,19.3,11.2,10.7,13.2,13.7,19.5,0.0,1.0,48260.0,60709.0
95457,2019.0,174.85,2.97,1160.0,968.0,3227.0,48.7,51.3,5.3,5.2,6.4,4.6,2.8,7.1,7.7,8.6,6.0,14.4,20.6,9.8,1.5,1331.0,5.4,7.7,19.9,14.0,8.6,12.5,11.0,16.4,3.6,0.8,37991.0,57631.0
95457,2020.0,171.97,-1.65,1159.0,1040.0,3061.0,48.5,51.5,4.6,4.3,5.4,4.0,3.0,6.5,6.6,7.9,10.5,12.7,23.5,10.5,0.5,1325.0,4.4,5.1,21.7,13.7,10.2,13.0,8.5,12.3,1.7,9.3,39875.0,82242.0
95457,2020.0,171.97,-1.65,1100.0,1001.0,3061.0,48.5,51.5,4.6,4.3,5.4,4.0,3.0,6.5,6.6,7.9,10.5,12.7,23.5,10.5,0.5,1325.0,4.4,5.1,21.7,13.7,10.2,13.0,8.5,12.3,1.7,9.3,39875.0,82242.0
95457,2021.0,208.22,21.08,1129.0,1023.0,3178.0,47.8,52.2,3.2,3.9,5.0,3.8,3.3,6.9,6.3,8.7,12.2,13.2,22.9,9.8,0.6,1368.0,5.8,5.0,18.6,11.1,5.1,15.0,10.5,11.2,3.1,14.5,53284.0,98955.0
95457,2021.0,208.22,21.08,1049.0,972.0,3178.0,47.8,52.2,3.2,3.9,5.0,3.8,3.3,6.9,6.3,8.7,12.2,13.2,22.9,9.8,0.6,1368.0,5.8,5.0,18.6,11.1,5.1,15.0,10.5,11.2,3.1,14.5,53284.0,98955.0
95457,2022.0,225.61,8.35,991.0,930.0,3252.0,42.8,57.2,5.1,5.8,3.8,5.7,2.6,8.8,6.0,9.2,12.7,11.3,18.6,10.0,0.4,1363.0,9.9,2.6,16.9,11.4,13.2,9.9,9.6,5.0,6.9,14.5,42721.0,102644.0
95457,2023.0,243.49,7.92,,,,,,,,,,,,,,,,,,,,,,,,,,,,,,,
95627,2017.0,177.57,8.67,952.0,851.0,3892.0,48.7,51.3,11.5,9.1,5.2,7.3,7.1,12.4,16.0,9.5,3.4,3.8,8.9,4.3,1.3,1109.0,8.5,8.1,5.3,7.4,11.3,26.1,10.4,16.3,2.6,4.1,61411.0,78185.0
95627,2018.0,200.18,12.73,946.0,836.0,4263.0,48.4,51.6,13.7,9.1,6.9,7.3,4.6,15.6,15.2,7.7,3.6,2.8,8.2,4.4,1.0,1209.0,6.6,7.9,4.5,5.1,13.6,19.2,16.7,18.4,3.6,4.5,66169.0,88772.0
95627,2019.0,210.37,5.09,970.0,865.0,3802.0,47.4,52.6,10.3,8.3,7.4,9.7,5.2,15.9,13.3,9.4,2.9,3.6,8.9,3.4,1.7,1177.0,7.4,10.2,2.8,3.9,10.9,13.7,18.2,16.7,9.4,6.9,75938.0,95770.0
95627,2020.0,219.51,4.35,947.0,869.0,4516.0,46.3,53.7,15.7,10.5,5.2,6.4,6.5,16.3,10.8,8.1,5.6,1.6,8.5,3.3,1.5,1277.0,8.0,3.7,1.4,6.5,10.7,12.9,27.8,17.2,6.3,5.4,81563.0,107467.0
95627,2020.0,219.51,4.35,952.0,870.0,4516.0,46.3,53.7,15.7,10.5,5.2,6.4,6.5,16.3,10.8,8.1,5.6,1.6,8.5,3.3,1.5,1277.0,8.0,3.7,1.4,6.5,10.7,12.9,27.8,17.2,6.3,5.4,81563.0,107467.0
95627,2021.0,242.27,10.37,961.0,846.0,4214.0,48.7,51.3,14.8,9.6,5.7,6.4,5.4,17.7,10.7,7.9,6.0,2.8,8.3,3.3,1.3,1209.0,5.8,2.0,2.3,6.6,11.2,10.0,24.2,16.5,13.6,7.8,88671.0,121107.0
95627,2021.0,242.27,10.37,959.0,842.0,4214.0,48.7,51.3,14.8,9.6,5.7,6.4,5.4,17.7,10.7,7.9,6.0,2.8,8.3,3.3,1.3,1209.0,5.8,2.0,2.3,6.6,11.2,10.0,24.2,16.5,13.6,7.8,88671.0,121107.0
95627,2022.0,293.90,21.31,930.0,838.0,4137.0,51.4,48.6,13.3,9.1,8.7,5.7,5.4,16.1,11.6,7.5,6.2,3.4,7.9,3.6,1.5,1202.0,3.1,4.1,1.9,6.9,9.4,7.2,21.4,21.0,17.9,7.2,96809.0,107587.0
95627,2023.0,.,,,,,,,,,,,,,,,,,,,,,,,,,,,,,,,,
95421,2017.0,185.53,3.36,788.0,714.0,1739.0,48.6,51.4,4.2,3.3,3.4,3.4,3.7,7.0,10.0,12.9,14.8,8.6,18.5,8.2,2.0,730.0,4.5,6.8,12.1,11.1,12.1,20.5,11.1,11.0,3.7,7.1,51838.0,72833.0
95421,2018.0,206.33,11.21,777.0,705.0,1681.0,49.7,50.3,2.8,1.9,3.7,2.8,4.7,4.8,9.9,13.7,15.7,8.5,22.5,7.7,1.2,732.0,4.2,4.9,13.0,11.7,12.6,16.7,11.3,9.6,8.7,7.2,55833.0,77197.0
95421,2019.0,209.67,1.62,795.0,688.0,1808.0,50.8,49.2,4.8,2.0,4.2,2.7,4.0,5.8,11.6,12.7,12.1,8.4,23.2,7.2,1.3,787.0,6.4,4.4,10.7,12.7,11.6,16.8,14.9,7.9,6.9,7.9,58125.0,78022.0
95421,2020.0,214.78,2.44,803.0,737.0,1662.0,49.5,50.5,4.0,2.9,4.2,2.2,4.6,3.8,12.5,14.1,10.8,8.9,21.6,9.0,1.4,700.0,4.4,4.4,9.6,9.9,10.7,18.0,15.0,12.7,4.4,10.9,61691.0,85495.0
95421,2020.0,214.78,2.44,771.0,721.0,1662.0,49.5,50.5,4.0,2.9,4.2,2.2,4.6,3.8,12.5,14.1,10.8,8.9,21.6,9.0,1.4,700.0,4.4,4.4,9.6,9.9,10.7,18.0,15.0,12.7,4.4,10.9,61691.0,85495.0
95421,2021.0,235.57,9.68,818.0,720.0,1743.0,51.3,48.7,5.2,1.4,3.2,1.9,6.4,8.1,9.7,11.8,11.4,9.1,21.3,9.1,1.4,726.0,6.3,6.2,7.0,12.4,9.8,20.7,12.3,12.3,3.9,9.2,59479.0,86902.0
95421,2021.0,235.57,9.68,779.0,698.0,1743.0,51.3,48.7,5.2,1.4,3.2,1.9,6.4,8.1,9.7,11.8,11.4,9.1,21.3,9.1,1.4,726.0,6.3,6.2,7.0,12.4,9.8,20.7,12.3,12.3,3.9,9.2,59479.0,86902.0
95421,2022.0,213.32,-9.45,746.0,672.0,1679.0,51.1,48.9,6.0,2.1,3.1,2.3,3.4,10.4,9.9,14.0,9.7,8.1,21.4,7.9,1.7,700.0,9.3,4.3,9.1,5.9,8.1,17.9,8.4,19.4,2.9,14.7,67917.0,105071.0
95421,2023.0,296.28,38.89,,,,,,,,,,,,,,,,,,,,,,,,,,,,,,,
95441,2017.0,211.73,3.29,468.0,433.0,1889.0,59.2,40.8,4.1,5.7,3.8,3.4,6.8,15.2,13.2,11.6,11.6,7.9,8.5,5.0,3.1,648.0,4.3,1.9,6.6,5.2,9.3,22.8,14.7,11.9,12.3,11.0,74688.0,104807.0
95441,2018.0,243.36,14.94,470.0,429.0,2053.0,57.6,42.4,5.7,6.1,3.4,4.9,8.1,15.0,10.8,11.4,9.7,7.9,9.6,4.9,2.4,670.0,4.0,0.7,6.1,5.4,6.1,19.4,16.7,16.1,11.3,14.0,86154.0,116706.0
95441,2019.0,238.32,-2.07,470.0,424.0,1797.0,55.5,44.5,6.3,4.9,2.4,5.0,7.1,14.5,11.7,9.7,9.3,9.3,11.5,5.5,2.7,624.0,2.9,1.3,6.1,1.3,6.3,10.9,20.4,20.4,13.0,17.6,100938.0,133295.0
95441,2020.0,225.37,-5.43,471.0,417.0,1696.0,54.1,45.9,4.8,5.1,3.7,5.4,3.5,10.0,12.5,11.3,8.8,10.3,16.7,6.1,1.8,659.0,3.8,2.0,6.2,0.6,6.7,7.7,17.9,19.3,16.8,19.0,111198.0,141612.0
95441,2020.0,225.37,-5.43,459.0,411.0,1696.0,54.1,45.9,4.8,5.1,3.7,5.4,3.5,10.0,12.5,11.3,8.8,10.3,16.7,6.1,1.8,659.0,3.8,2.0,6.2,0.6,6.7,7.7,17.9,19.3,16.8,19.0,111198.0,141612.0
95441,2021.0,254.53,12.94,513.0,434.0,1802.0,54.7,45.3,3.8,6.2,3.9,4.6,4.1,9.6,11.2,10.5,6.2,11.2,20.5,7.0,1.4,701.0,7.3,1.9,3.3,6.7,6.1,5.6,10.6,20.0,16.3,22.4,125750.0,160153.0
95441,2021.0,254.53,12.94,501.0,420.0,1802.0,54.7,45.3,3.8,6.2,3.9,4.6,4.1,9.6,11.2,10.5,6.2,11.2,20.5,7.0,1.4,701.0,7.3,1.9,3.3,6.7,6.1,5.6,10.6,20.0,16.3,22.4,125750.0,160153.0
95441,2022.0,.,,485.0,413.0,1819.0,56.0,44.0,4.2,3.6,4.2,4.2,4.7,9.0,10.4,11.3,8.9,9.7,21.3,7.0,1.3,702.0,7.1,2.8,0.6,5.0,5.7,7.1,9.5,22.8,20.4,18.9,125400.0,162734.0
95441,2023.0,.,,,,,,,,,,,,,,,,,,,,,,,,,,,,,,,,
95450,,,,,,,,,,,,,,,,,,,,,,,,,,,,,,,,,,
94567,2017.0,152.90,3.5,173.0,138.0,642.0,47.8,52.2,1.6,3.7,8.7,7.2,4.7,8.4,12.3,16.5,12.0,7.5,14.3,3.1,0.0,241.0,5.8,3.3,5.8,14.9,13.7,16.6,14.1,7.1,3.3,15.4,58375.0,110615.0
94567,2018.0,156.30,2.23,136.0,127.0,696.0,44.3,55.7,2.2,6.2,10.5,8.0,5.0,8.2,11.8,13.2,11.4,5.6,14.4,2.9,0.7,251.0,6.8,2.4,6.0,10.8,18.3,17.9,12.7,9.2,4.8,11.2,57250.0,104704.0
94567,2019.0,144.44,-7.59,148.0,118.0,658.0,43.2,56.8,3.3,6.5,11.9,7.8,2.6,10.2,10.5,10.0,12.2,7.1,13.1,2.3,2.6,231.0,7.4,3.5,7.4,6.5,19.0,24.2,6.9,10.0,3.9,11.3,53125.0,105153.0
94567,2020.0,148.30,2.67,162.0,140.0,869.0,44.6,55.4,3.1,5.9,10.4,8.1,3.5,8.5,10.9,18.4,6.8,4.9,12.4,5.8,1.4,263.0,4.2,1.1,18.3,2.7,18.6,26.2,9.5,8.4,2.7,8.4,53813.0,95604.0
94567,2020.0,148.30,2.67,118.0,113.0,869.0,44.6,55.4,3.1,5.9,10.4,8.1,3.5,8.5,10.9,18.4,6.8,4.9,12.4,5.8,1.4,263.0,4.2,1.1,18.3,2.7,18.6,26.2,9.5,8.4,2.7,8.4,53813.0,95604.0
94567,2021.0,182.11,22.8,162.0,142.0,787.0,46.9,53.1,4.2,5.7,10.0,7.8,2.2,9.8,8.4,16.4,3.2,3.9,17.4,9.7,1.4,241.0,3.3,1.2,17.0,2.9,11.2,25.7,4.1,14.5,4.1,15.8,61477.0,132161.0
94567,2021.0,182.11,22.8,112.0,108.0,787.0,46.9,53.1,4.2,5.7,10.0,7.8,2.2,9.8,8.4,16.4,3.2,3.9,17.4,9.7,1.4,241.0,3.3,1.2,17.0,2.9,11.2,25.7,4.1,14.5,4.1,15.8,61477.0,132161.0
94567,2022.0,.,,109.0,92.0,719.0,48.3,51.7,4.9,8.2,8.1,6.8,2.9,10.7,9.7,12.1,3.8,5.8,13.8,10.4,2.8,219.0,1.8,4.1,4.6,17.8,10.0,26.5,5.5,18.7,2.7,8.2,61042.0,83253.0
94567,2023.0,.,,,,,,,,,,,,,,,,,,,,,,,,,,,,,,,,
95637,,,,,,,,,,,,,,,,,,,,,,,,,,,,,,,,,,
95607,,,,,,,,,,,,,,,,,,,,,,,,,,,,,,,,,,
95606,,,,,,,,,,,,,,,,,,,,,,,,,,,,,,,,,,
95679,,,,,,,,,,,,,,,,,,,,,,,,,,,,,,,,,,
94591,2017.0,176.86,9.29,16468.0,14706.0,55232.0,48.9,51.1,5.4,5.0,5.1,6.1,7.7,14.0,12.3,13.5,7.6,7.9,9.5,4.1,1.6,18540.0,4.3,3.9,5.6,6.2,11.6,16.7,14.7,18.6,10.0,8.4,78628.0,94683.0
94591,2018.0,193.61,9.47,16419.0,14627.0,55334.0,48.7,51.3,5.6,4.9,5.0,6.3,7.6,13.9,12.4,13.0,7.3,7.6,10.4,4.4,1.5,18658.0,4.2,3.4,5.4,6.1,11.5,16.5,14.1,18.5,10.8,9.6,80888.0,98861.0
94591,2019.0,199.78,3.19,16527.0,14812.0,55157.0,48.6,51.4,5.4,4.8,4.6,6.1,6.9,14.4,12.7,13.1,7.2,7.3,11.1,4.8,1.5,18557.0,3.6,3.2,5.1,5.6,10.5,16.6,14.7,18.8,11.5,10.5,85311.0,102686.0
94591,2020.0,206.05,3.14,16446.0,14848.0,56333.0,48.6,51.4,4.8,5.1,5.0,6.9,6.8,13.9,13.5,12.8,7.2,7.6,10.2,4.5,1.6,18612.0,2.9,2.4,4.5,4.6,9.8,16.5,14.6,20.5,13.7,10.5,91380.0,108436.0
94591,2020.0,206.05,3.14,16450.0,14876.0,56333.0,48.6,51.4,4.8,5.1,5.0,6.9,6.8,13.9,13.5,12.8,7.2,7.6,10.2,4.5,1.6,18612.0,2.9,2.4,4.5,4.6,9.8,16.5,14.6,20.5,13.7,10.5,91380.0,108436.0
94591,2021.0,236.61,14.83,16482.0,14582.0,58373.0,49.5,50.5,4.7,5.7,5.6,6.5,5.9,13.5,14.0,12.8,6.8,7.1,11.4,4.3,1.7,19652.0,3.8,2.2,4.9,3.9,8.9,14.9,14.0,20.6,14.1,12.8,95628.0,118672.0
94591,2021.0,236.61,14.83,16478.0,14561.0,58373.0,49.5,50.5,4.7,5.7,5.6,6.5,5.9,13.5,14.0,12.8,6.8,7.1,11.4,4.3,1.7,19652.0,3.8,2.2,4.9,3.9,8.9,14.9,14.0,20.6,14.1,12.8,95628.0,118672.0
94591,2022.0,265.15,12.06,16282.0,14742.0,59026.0,49.4,50.6,4.9,5.5,5.9,6.3,5.7,13.4,14.4,11.9,7.0,7.6,11.4,4.4,1.6,19742.0,3.9,2.0,4.1,3.6,8.0,12.9,13.2,21.6,14.2,16.5,104567.0,127588.0
94591,2023.0,260.18,-1.88,,,,,,,,,,,,,,,,,,,,,,,,,,,,,,,
95403,2017.0,188.48,8.65,11187.0,10035.0,46288.0,50.7,49.3,6.2,6.3,6.1,5.1,7.1,15.8,12.4,12.8,7.4,6.0,8.3,3.7,2.8,17156.0,3.0,4.4,6.9,7.0,13.4,20.3,14.6,16.3,7.8,6.2,68550.0,87557.0
95403,2018.0,205.77,9.17,10990.0,9711.0,45355.0,49.5,50.5,5.6,6.1,6.7,5.2,6.8,15.9,12.8,13.0,6.8,5.9,8.3,4.1,2.9,16532.0,3.5,4.9,6.1,6.5,12.4,17.3,15.1,17.9,8.7,7.6,73985.0,93715.0
95403,2019.0,209.27,1.71,10856.0,9497.0,45096.0,48.1,51.9,6.2,6.2,5.7,5.7,7.0,16.6,12.1,12.0,6.6,6.3,8.3,4.4,2.7,16103.0,3.9,3.9,6.1,6.1,11.3,18.0,13.9,19.5,10.4,7.0,75954.0,95621.0
95403,2020.0,210.62,0.64,10979.0,9664.0,44716.0,49.1,50.9,5.6,5.9,6.2,6.0,6.2,15.7,13.0,12.2,7.4,5.8,8.4,5.0,2.6,15871.0,3.8,2.7,6.9,5.6,10.4,16.5,15.0,20.6,11.7,6.9,79990.0,97436.0
95403,2020.0,210.62,0.64,10964.0,9665.0,44716.0,49.1,50.9,5.6,5.9,6.2,6.0,6.2,15.7,13.0,12.2,7.4,5.8,8.4,5.0,2.6,15871.0,3.8,2.7,6.9,5.6,10.4,16.5,15.0,20.6,11.7,6.9,79990.0,97436.0
95403,2021.0,228.17,8.33,11275.0,9791.0,46463.0,50.2,49.8,5.9,7.0,6.4,6.2,5.1,14.9,14.1,11.7,7.6,6.0,8.3,4.7,2.2,16286.0,4.6,2.5,5.2,6.3,9.3,15.3,13.6,20.1,13.6,9.5,84517.0,103566.0
95403,2021.0,228.17,8.33,11252.0,9777.0,46463.0,50.2,49.8,5.9,7.0,6.4,6.2,5.1,14.9,14.1,11.7,7.6,6.0,8.3,4.7,2.2,16286.0,4.6,2.5,5.2,6.3,9.3,15.3,13.6,20.1,13.6,9.5,84517.0,103566.0
95403,2022.0,250.39,9.74,11228.0,10042.0,44677.0,49.6,50.4,5.8,6.4,6.8,6.2,5.1,13.8,14.4,12.1,6.4,6.6,9.1,5.2,2.2,16000.0,4.7,1.9,4.3,4.3,10.5,13.4,13.4,20.2,14.9,12.3,93826.0,115130.0
95403,2023.0,263.96,5.42,,,,,,,,,,,,,,,,,,,,,,,,,,,,,,,
95404,2017.0,191.77,9.24,12552.0,11222.0,41536.0,50.2,49.8,4.6,5.9,6.2,5.5,5.3,13.4,12.7,13.2,8.1,7.7,11.1,4.3,2.0,16479.0,5.1,4.4,7.8,7.9,10.8,15.0,12.9,15.7,10.1,10.3,72272.0,102214.0
95404,2018.0,209.84,9.42,12318.0,11016.0,40474.0,50.1,49.9,4.4,6.2,5.8,5.7,4.9,12.5,13.6,13.2,8.0,7.8,11.5,4.5,1.9,16294.0,4.9,3.7,7.3,8.6,10.0,14.8,12.0,17.8,10.3,10.7,77127.0,106234.0
95404,2019.0,207.30,-1.21,12068.0,10737.0,40497.0,50.1,49.9,5.1,5.7,6.1,5.1,5.4,12.5,14.4,13.7,7.7,7.6,10.7,4.1,1.8,16340.0,4.5,3.2,5.5,7.5,10.2,16.0,12.8,17.8,11.0,11.5,81427.0,110375.0
95404,2020.0,205.62,-0.81,12033.0,10738.0,38462.0,48.4,51.6,5.2,5.7,6.5,5.4,5.7,12.1,15.4,12.8,7.3,6.8,10.8,4.1,2.3,15647.0,4.3,3.9,4.5,5.7,7.8,16.2,13.8,20.6,10.4,12.8,86555.0,118799.0
95404,2020.0,205.62,-0.81,11927.0,10697.0,38462.0,48.4,51.6,5.2,5.7,6.5,5.4,5.7,12.1,15.4,12.8,7.3,6.8,10.8,4.1,2.3,15647.0,4.3,3.9,4.5,5.7,7.8,16.2,13.8,20.6,10.4,12.8,86555.0,118799.0
95404,2021.0,224.49,9.18,12103.0,10735.0,38028.0,48.6,51.4,5.1,5.2,6.7,5.7,5.8,11.7,14.6,14.3,6.1,6.4,11.7,4.3,2.5,15507.0,4.8,3.6,4.3,5.2,9.5,14.4,14.3,18.3,11.0,14.5,88574.0,124072.0
95404,2021.0,224.49,9.18,11972.0,10674.0,38028.0,48.6,51.4,5.1,5.2,6.7,5.7,5.8,11.7,14.6,14.3,6.1,6.4,11.7,4.3,2.5,15507.0,4.8,3.6,4.3,5.2,9.5,14.4,14.3,18.3,11.0,14.5,88574.0,124072.0
95404,2022.0,244.64,8.97,11636.0,10493.0,37437.0,49.3,50.7,5.1,5.0,6.4,5.4,5.3,11.3,15.4,15.1,5.6,5.9,12.3,4.7,2.7,15697.0,4.2,4.1,4.0,4.1,7.3,14.8,13.4,18.4,11.6,18.1,96483.0,138021.0
95404,2023.0,251.45,2.78,,,,,,,,,,,,,,,,,,,,,,,,,,,,,,,
95476,2017.0,200.49,7.15,11757.0,10620.0,37187.0,49.4,50.6,4.8,4.5,6.5,5.1,4.9,9.2,12.0,12.6,7.6,9.6,13.0,6.8,3.5,15249.0,3.2,4.1,8.0,8.7,10.2,16.9,13.4,15.3,8.3,11.9,72716.0,116182.0
95476,2018.0,215.26,7.36,11870.0,10610.0,36792.0,49.9,50.1,4.9,4.1,6.0,5.2,4.6,9.3,11.7,12.9,7.1,10.0,12.9,7.7,3.7,15296.0,3.5,3.4,7.7,8.1,10.6,16.2,13.0,16.0,8.6,12.9,76151.0,117983.0
95476,2019.0,217.38,0.99,11857.0,10663.0,36586.0,48.5,51.5,4.6,4.1,5.6,5.9,4.6,8.3,11.3,13.2,6.9,9.3,14.8,7.9,3.4,15332.0,3.8,2.4,7.3,7.1,9.8,15.4,13.5,17.6,9.7,13.5,82036.0,118764.0
95476,2020.0,218.30,0.42,12011.0,10739.0,37150.0,48.1,51.9,4.4,3.9,4.4,5.0,4.6,9.7,10.9,12.2,7.9,9.1,15.4,7.5,5.1,15591.0,3.5,2.3,6.0,6.7,10.3,14.3,13.0,18.0,11.7,14.2,87374.0,125265.0
95476,2020.0,218.30,0.42,11859.0,10636.0,37150.0,48.1,51.9,4.4,3.9,4.4,5.0,4.6,9.7,10.9,12.2,7.9,9.1,15.4,7.5,5.1,15591.0,3.5,2.3,6.0,6.7,10.3,14.3,13.0,18.0,11.7,14.2,87374.0,125265.0
95476,2021.0,233.90,7.15,12011.0,10649.0,36578.0,47.7,52.3,5.2,4.2,4.2,4.3,4.7,10.3,10.5,10.9,8.0,9.1,16.3,8.0,4.5,15163.0,3.3,1.9,5.9,6.1,9.5,14.1,11.1,18.7,11.2,18.2,96029.0,133231.0
95476,2021.0,233.90,7.15,11886.0,10536.0,36578.0,47.7,52.3,5.2,4.2,4.2,4.3,4.7,10.3,10.5,10.9,8.0,9.1,16.3,8.0,4.5,15163.0,3.3,1.9,5.9,6.1,9.5,14.1,11.1,18.7,11.2,18.2,96029.0,133231.0
95476,2022.0,260.51,11.38,11656.0,10419.0,36386.0,47.9,52.1,4.9,3.9,4.4,4.5,4.6,9.0,11.0,12.1,6.7,8.9,16.8,8.6,4.5,15267.0,3.5,1.5,5.4,5.0,9.6,13.7,10.8,18.5,10.5,21.4,100734.0,146796.0
95476,2023.0,261.79,0.49,,,,,,,,,,,,,,,,,,,,,,,,,,,,,,,
95616,2017.0,230.60,5.94,9096.0,8373.0,50068.0,45.9,54.1,2.5,2.9,3.0,17.8,30.2,12.7,7.3,6.4,3.7,3.6,4.9,3.3,1.7,17126.0,16.3,5.6,10.2,7.2,10.7,12.6,7.3,11.1,7.9,11.2,50000.0,85354.0
95616,2018.0,242.23,5.04,8981.0,8184.0,52088.0,47.1,52.9,2.4,2.9,2.8,17.3,32.2,12.9,6.7,6.1,3.1,3.5,5.0,3.5,1.6,17381.0,15.8,6.1,9.1,6.7,10.6,13.3,6.4,12.0,8.0,12.0,52827.0,88536.0
95616,2019.0,248.96,2.78,9008.0,8298.0,52212.0,46.3,53.7,2.4,2.8,2.7,17.6,32.0,13.2,6.4,6.2,3.1,3.3,5.4,3.3,1.5,17302.0,15.3,6.0,8.1,6.7,9.4,14.0,7.2,11.9,9.1,12.4,55510.0,92279.0
95616,2020.0,251.27,0.93,8934.0,8284.0,53805.0,45.4,54.6,2.3,2.5,3.0,17.9,31.2,13.1,6.0,6.5,2.6,3.2,6.6,3.4,1.6,17999.0,14.2,6.0,7.5,5.6,8.5,15.3,8.3,10.7,12.2,11.6,61213.0,97677.0
95616,2020.0,251.27,0.93,8946.0,8290.0,53805.0,45.4,54.6,2.3,2.5,3.0,17.9,31.2,13.1,6.0,6.5,2.6,3.2,6.6,3.4,1.6,17999.0,14.2,6.0,7.5,5.6,8.5,15.3,8.3,10.7,12.2,11.6,61213.0,97677.0
95616,2021.0,267.61,6.5,9110.0,8330.0,52779.0,46.2,53.8,2.1,2.9,2.9,18.4,30.5,12.6,6.1,7.1,2.9,3.0,7.0,2.7,1.7,18126.0,13.6,4.5,6.7,6.6,8.1,14.5,9.4,11.0,11.4,14.2,66205.0,106328.0
95616,2021.0,267.61,6.5,9098.0,8310.0,52779.0,46.2,53.8,2.1,2.9,2.9,18.4,30.5,12.6,6.1,7.1,2.9,3.0,7.0,2.7,1.7,18126.0,13.6,4.5,6.7,6.6,8.1,14.5,9.4,11.0,11.4,14.2,66205.0,106328.0
95616,2022.0,306.40,14.49,8829.0,8253.0,52090.0,46.7,53.3,2.0,3.0,3.2,16.9,31.0,12.6,6.5,6.9,2.6,3.2,7.4,3.0,1.8,18369.0,12.9,5.2,5.2,7.8,6.7,14.3,10.5,11.4,9.5,16.5,69204.0,109859.0
95616,2023.0,304.81,-0.52,,,,,,,,,,,,,,,,,,,,,,,,,,,,,,,
95409,2017.0,187.78,6.21,9152.0,8153.0,26905.0,46.1,53.9,3.8,5.5,5.5,5.3,3.3,9.9,10.3,11.3,6.3,8.1,15.2,9.3,6.1,12043.0,4.2,3.4,6.9,7.3,12.0,19.5,14.3,15.8,7.7,8.9,69660.0,91693.0
95409,2018.0,203.80,8.53,9268.0,8163.0,27312.0,45.5,54.5,3.8,5.0,5.2,5.2,4.1,8.8,10.5,11.4,6.1,7.9,15.8,10.3,6.0,12176.0,4.2,2.9,7.4,6.9,11.5,17.5,13.4,17.6,7.1,11.5,74333.0,99740.0
95409,2019.0,201.24,-1.25,9246.0,8228.0,27186.0,45.5,54.5,4.0,4.9,4.6,5.0,3.8,8.7,10.4,10.9,6.4,8.1,16.4,11.3,5.6,12310.0,4.5,2.3,6.3,6.9,10.9,18.8,10.2,18.7,7.7,13.7,75571.0,108256.0
95409,2020.0,200.46,-0.39,9355.0,8396.0,26739.0,47.5,52.5,3.8,4.7,5.0,5.7,3.8,9.5,10.5,11.4,5.6,6.8,16.6,10.7,5.8,12031.0,5.1,1.5,5.5,6.8,10.5,18.7,10.4,17.5,8.1,15.9,77849.0,112960.0
95409,2020.0,200.46,-0.39,9319.0,8369.0,26739.0,47.5,52.5,3.8,4.7,5.0,5.7,3.8,9.5,10.5,11.4,5.6,6.8,16.6,10.7,5.8,12031.0,5.1,1.5,5.5,6.8,10.5,18.7,10.4,17.5,8.1,15.9,77849.0,112960.0
95409,2021.0,213.49,6.5,9542.0,8297.0,26179.0,47.5,52.5,3.6,4.9,5.3,5.4,3.8,8.4,11.5,9.8,6.9,7.2,17.3,10.6,5.3,11870.0,4.9,1.5,4.5,6.5,11.0,15.3,11.0,18.9,10.7,15.6,85614.0,122715.0
95409,2021.0,213.49,6.5,9509.0,8281.0,26179.0,47.5,52.5,3.6,4.9,5.3,5.4,3.8,8.4,11.5,9.8,6.9,7.2,17.3,10.6,5.3,11870.0,4.9,1.5,4.5,6.5,11.0,15.3,11.0,18.9,10.7,15.6,85614.0,122715.0
95409,2022.0,233.82,9.52,9357.0,8296.0,26158.0,47.8,52.2,3.3,4.3,5.2,5.5,3.8,8.2,12.0,9.8,7.1,6.7,17.5,11.6,5.1,11856.0,4.0,2.0,4.8,5.5,8.5,15.7,9.3,19.2,11.5,19.4,100225.0,137024.0
95409,2023.0,247.21,5.73,,,,,,,,,,,,,,,,,,,,,,,,,,,,,,,
95401,2017.0,192.53,8.48,9222.0,8310.0,39229.0,47.5,52.5,6.9,8.0,5.1,6.6,6.7,15.7,15.7,12.2,6.3,5.5,7.1,2.7,1.6,13482.0,3.8,3.6,8.4,8.7,11.5,23.5,13.5,14.9,6.9,5.3,62244.0,84865.0
95401,2018.0,210.93,9.56,9325.0,8362.0,38986.0,47.9,52.1,6.2,8.0,5.0,5.9,6.9,16.3,15.4,11.6,6.4,6.1,7.5,2.9,1.8,13505.0,3.5,4.3,6.8,6.8,11.6,21.5,13.8,16.6,8.5,6.5,66633.0,91416.0
95401,2019.0,210.38,-0.26,9370.0,8443.0,38839.0,48.4,51.6,5.9,6.5,5.4,5.2,6.9,16.6,14.2,12.8,6.7,6.3,8.5,3.1,1.7,13635.0,2.8,4.3,5.4,6.0,11.3,19.9,16.4,17.0,8.9,8.1,75290.0,100021.0
95401,2020.0,213.85,1.65,9347.0,8521.0,38872.0,47.2,52.8,6.3,6.4,6.1,4.9,6.2,15.3,14.2,11.3,7.2,6.8,9.8,3.4,1.9,13817.0,4.0,4.3,6.2,5.4,10.4,15.8,14.1,22.0,9.8,8.0,80164.0,100301.0
95401,2020.0,213.85,1.65,9355.0,8534.0,38872.0,47.2,52.8,6.3,6.4,6.1,4.9,6.2,15.3,14.2,11.3,7.2,6.8,9.8,3.4,1.9,13817.0,4.0,4.3,6.2,5.4,10.4,15.8,14.1,22.0,9.8,8.0,80164.0,100301.0
95401,2021.0,232.53,8.73,9730.0,8588.0,36820.0,48.7,51.3,4.6,5.5,6.5,5.4,5.6,15.2,13.8,13.1,7.5,7.0,10.3,3.9,1.5,13592.0,4.1,3.5,5.7,5.3,10.0,16.9,13.5,21.0,10.5,9.5,82414.0,107658.0
95401,2021.0,232.53,8.73,9709.0,8571.0,36820.0,48.7,51.3,4.6,5.5,6.5,5.4,5.6,15.2,13.8,13.1,7.5,7.0,10.3,3.9,1.5,13592.0,4.1,3.5,5.7,5.3,10.0,16.9,13.5,21.0,10.5,9.5,82414.0,107658.0
95401,2022.0,263.44,13.3,9319.0,8489.0,36905.0,49.5,50.5,4.5,5.2,6.5,5.2,6.4,16.1,13.2,12.2,8.1,6.1,10.5,4.4,1.6,13682.0,3.7,2.2,5.7,5.0,10.0,17.4,12.3,21.2,11.4,11.1,88439.0,117149.0
95401,2023.0,262.57,-0.33,,,,,,,,,,,,,,,,,,,,,,,,,,,,,,,
95472,2017.0,196.58,7.68,9553.0,8769.0,30723.0,48.8,51.2,3.7,3.9,4.1,5.2,3.1,12.3,10.4,14.8,8.2,10.5,16.0,5.4,2.5,12810.0,3.8,4.3,8.4,6.8,10.1,14.5,14.3,16.8,10.2,10.8,78251.0,104257.0
95472,2018.0,213.11,8.41,9785.0,8837.0,30762.0,48.8,51.2,3.5,3.7,4.2,5.4,3.7,11.0,9.9,14.2,8.5,9.8,17.7,5.8,2.5,12565.0,3.5,3.4,7.4,6.6,8.7,13.1,13.1,19.8,11.5,12.8,87716.0,113085.0
95472,2019.0,212.46,-0.3,9809.0,8921.0,30736.0,47.5,52.5,3.5,4.0,4.0,5.5,4.1,10.7,9.9,14.4,8.4,9.0,17.7,6.6,2.3,12493.0,2.7,2.8,6.4,7.1,9.8,12.2,13.1,20.3,11.4,14.3,92674.0,117328.0
95472,2020.0,209.72,-1.29,10006.0,9067.0,29690.0,47.5,52.5,3.8,5.5,3.9,5.1,4.4,9.1,9.9,14.2,8.0,8.8,18.2,6.5,2.6,12171.0,4.0,2.3,7.3,6.0,8.7,12.1,13.0,18.3,12.3,16.1,95417.0,120021.0
95472,2020.0,209.72,-1.29,9911.0,8996.0,29690.0,47.5,52.5,3.8,5.5,3.9,5.1,4.4,9.1,9.9,14.2,8.0,8.8,18.2,6.5,2.6,12171.0,4.0,2.3,7.3,6.0,8.7,12.1,13.0,18.3,12.3,16.1,95417.0,120021.0
95472,2021.0,228.71,9.06,9927.0,9061.0,29753.0,47.4,52.6,3.9,4.8,4.2,5.3,4.1,9.9,10.4,15.0,7.1,8.9,18.3,5.8,2.3,11767.0,3.6,1.9,5.3,6.0,8.4,11.2,11.3,18.8,13.7,19.9,102283.0,133786.0
95472,2021.0,228.71,9.06,9856.0,8998.0,29753.0,47.4,52.6,3.9,4.8,4.2,5.3,4.1,9.9,10.4,15.0,7.1,8.9,18.3,5.8,2.3,11767.0,3.6,1.9,5.3,6.0,8.4,11.2,11.3,18.8,13.7,19.9,102283.0,133786.0
95472,2022.0,254.60,11.32,9847.0,8931.0,28443.0,48.2,51.8,3.4,4.9,4.1,5.4,3.9,9.1,9.9,14.2,6.9,8.6,20.0,7.1,2.6,11591.0,4.8,1.5,4.3,6.0,8.0,9.9,11.1,19.4,14.6,20.3,108685.0,138814.0
95472,2023.0,277.71,9.08,,,,,,,,,,,,,,,,,,,,,,,,,,,,,,,
94510,2017.0,187.55,6.57,8261.0,7598.0,28043.0,48.5,51.5,5.4,5.8,6.3,5.6,4.6,10.0,12.5,15.4,8.0,9.0,11.4,4.7,1.3,11201.0,3.5,3.3,4.5,4.5,8.4,15.5,13.0,20.7,13.8,12.8,95291.0,117419.0
94510,2018.0,197.31,5.2,8316.0,7613.0,28262.0,49.3,50.7,5.0,5.6,6.1,6.3,4.3,9.3,12.4,15.2,8.1,8.5,12.3,5.0,1.9,11179.0,2.3,2.9,5.5,3.5,7.6,16.3,12.8,18.8,14.2,16.0,98940.0,126631.0
94510,2019.0,201.33,2.04,8350.0,7610.0,28350.0,48.8,51.2,4.6,5.4,6.2,5.9,3.8,9.2,13.2,14.5,8.6,8.7,12.6,5.2,2.2,11339.0,2.2,1.7,6.0,3.4,7.8,13.3,14.1,19.8,13.8,17.9,103163.0,127733.0
94510,2020.0,204.17,1.41,8313.0,7618.0,28297.0,49.2,50.8,5.2,5.4,6.1,5.5,3.8,9.4,13.2,13.3,8.8,8.1,13.9,5.1,2.2,11496.0,2.3,1.8,6.4,3.9,7.2,12.6,12.3,21.6,15.1,16.7,106739.0,128190.0
94510,2020.0,204.17,1.41,8330.0,7639.0,28297.0,49.2,50.8,5.2,5.4,6.1,5.5,3.8,9.4,13.2,13.3,8.8,8.1,13.9,5.1,2.2,11496.0,2.3,1.8,6.4,3.9,7.2,12.6,12.3,21.6,15.1,16.7,106739.0,128190.0
94510,2021.0,226.33,10.85,8298.0,7505.0,27327.0,48.8,51.2,5.1,5.7,6.2,6.3,3.6,10.2,12.7,13.6,8.3,7.4,14.0,4.8,2.2,10883.0,2.3,1.5,6.1,4.0,6.7,10.7,11.2,21.9,14.3,21.2,118228.0,139585.0
94510,2021.0,226.33,10.85,8304.0,7509.0,27327.0,48.8,51.2,5.1,5.7,6.2,6.3,3.6,10.2,12.7,13.6,8.3,7.4,14.0,4.8,2.2,10883.0,2.3,1.5,6.1,4.0,6.7,10.7,11.2,21.9,14.3,21.2,118228.0,139585.0
94510,2022.0,253.97,12.21,8183.0,7561.0,27223.0,48.5,51.5,5.0,5.9,5.7,6.0,3.8,11.0,12.4,13.5,8.1,6.9,14.2,5.3,2.2,10922.0,2.1,1.5,6.6,4.1,7.0,11.3,8.5,20.6,12.2,26.2,124099.0,148821.0
94510,2023.0,259.94,2.35,,,,,,,,,,,,,,,,,,,,,,,,,,,,,,,
95695,2017.0,196.03,8.77,9534.0,8579.0,40121.0,48.6,51.4,5.8,6.5,6.9,6.2,6.9,13.3,13.1,13.1,5.8,6.8,8.8,4.2,2.5,14545.0,4.7,5.8,8.8,8.5,12.5,21.9,11.8,14.8,5.8,5.4,59357.0,77727.0
95695,2018.0,206.68,5.43,9442.0,8527.0,40857.0,48.0,52.0,6.0,6.8,7.2,6.4,6.4,13.1,13.0,12.9,5.5,6.2,9.4,4.3,2.8,14625.0,4.5,4.2,8.2,9.0,12.0,22.0,14.2,13.7,5.7,6.5,62380.0,82056.0
95695,2019.0,218.16,5.56,9491.0,8564.0,41278.0,48.8,51.2,5.9,7.0,7.2,6.3,6.3,13.1,13.0,12.8,6.0,5.6,9.6,4.6,2.5,14749.0,3.6,3.4,7.4,8.0,13.0,21.9,15.2,13.7,6.5,7.3,64390.0,90858.0
95695,2020.0,220.84,1.23,9496.0,8644.0,40340.0,49.2,50.8,6.0,7.9,6.4,6.2,6.4,14.0,14.0,12.2,5.6,5.8,9.3,3.8,2.4,14361.0,4.2,3.3,5.8,6.9,14.0,20.9,13.8,17.5,6.4,7.2,68158.0,93000.0
95695,2020.0,220.84,1.23,9488.0,8635.0,40340.0,49.2,50.8,6.0,7.9,6.4,6.2,6.4,14.0,14.0,12.2,5.6,5.8,9.3,3.8,2.4,14361.0,4.2,3.3,5.8,6.9,14.0,20.9,13.8,17.5,6.4,7.2,68158.0,93000.0
95695,2021.0,252.45,14.32,9552.0,8611.0,40479.0,49.5,50.5,6.1,8.0,6.9,5.7,6.8,13.0,14.5,11.1,5.6,5.7,10.3,4.1,2.1,14578.0,3.5,3.6,4.8,6.5,11.4,21.6,14.9,17.3,8.3,8.0,73131.0,99798.0
95695,2021.0,252.45,14.32,9513.0,8569.0,40479.0,49.5,50.5,6.1,8.0,6.9,5.7,6.8,13.0,14.5,11.1,5.6,5.7,10.3,4.1,2.1,14578.0,3.5,3.6,4.8,6.5,11.4,21.6,14.9,17.3,8.3,8.0,73131.0,99798.0
95695,2022.0,288.08,14.11,9377.0,8616.0,39892.0,49.1,50.9,5.7,7.8,6.6,5.1,6.5,13.6,14.5,11.4,5.7,5.9,10.8,4.4,2.1,14626.0,3.5,2.9,5.8,6.4,10.1,19.4,14.6,17.3,9.6,10.3,79009.0,108009.0
95695,2023.0,279.38,-3.02,,,,,,,,,,,,,,,,,,,,,,,,,,,,,,,
95492,2017.0,188.38,7.67,8716.0,7864.0,29590.0,50.8,49.2,4.7,6.4,7.5,9.0,5.8,9.6,12.9,16.3,7.3,6.8,7.8,4.6,1.4,9823.0,2.9,2.3,3.6,6.7,10.6,13.4,14.7,23.0,12.2,10.4,91077.0,106549.0
95492,2018.0,205.36,9.02,8766.0,7884.0,29920.0,50.5,49.5,3.9,6.7,7.3,8.8,5.1,10.6,13.3,15.2,7.5,6.7,8.4,4.5,2.0,10056.0,2.6,1.3,4.9,4.7,8.5,14.2,14.1,24.0,13.7,12.2,99521.0,113915.0
95492,2019.0,205.65,0.14,8946.0,8099.0,29271.0,50.9,49.1,4.3,7.4,7.3,8.3,5.0,11.2,12.7,15.3,6.7,6.8,8.5,4.6,2.1,9757.0,1.8,2.1,4.3,5.7,7.0,13.1,12.6,24.1,14.7,14.5,107153.0,120982.0
95492,2020.0,206.95,0.63,8975.0,8149.0,29502.0,50.0,50.0,4.1,7.4,6.6,8.6,5.2,10.1,12.9,15.1,7.7,7.2,9.3,3.8,2.1,9915.0,1.6,2.0,4.4,5.6,6.5,11.5,11.0,23.7,17.6,16.1,118773.0,128386.0
95492,2020.0,206.95,0.63,8963.0,8151.0,29502.0,50.0,50.0,4.1,7.4,6.6,8.6,5.2,10.1,12.9,15.1,7.7,7.2,9.3,3.8,2.1,9915.0,1.6,2.0,4.4,5.6,6.5,11.5,11.0,23.7,17.6,16.1,118773.0,128386.0
95492,2021.0,220.36,6.48,8997.0,8098.0,28635.0,49.6,50.4,4.2,6.8,6.9,8.5,5.6,10.0,13.2,15.2,8.4,6.7,9.1,3.6,1.8,9771.0,1.9,1.8,3.4,6.2,5.7,8.7,10.2,24.7,17.1,20.3,125349.0,142285.0
95492,2021.0,220.36,6.48,8974.0,8070.0,28635.0,49.6,50.4,4.2,6.8,6.9,8.5,5.6,10.0,13.2,15.2,8.4,6.7,9.1,3.6,1.8,9771.0,1.9,1.8,3.4,6.2,5.7,8.7,10.2,24.7,17.1,20.3,125349.0,142285.0
95492,2022.0,237.82,7.92,8751.0,8039.0,28096.0,50.1,49.9,4.6,6.7,6.3,7.7,5.7,11.1,12.4,14.9,8.3,6.7,9.4,4.0,2.1,9826.0,2.0,1.0,4.3,5.1,6.2,8.8,11.1,18.9,21.0,21.6,129250.0,152067.0
95492,2023.0,246.27,3.55,,,,,,,,,,,,,,,,,,,,,,,,,,,,,,,
94585,2017.0,185.79,8.74,8455.0,7557.0,29605.0,49.0,51.0,6.6,7.2,6.2,7.3,6.6,18.0,12.3,12.4,7.4,5.6,6.5,3.0,1.0,9344.0,4.4,2.8,4.9,9.4,11.0,17.9,17.1,19.3,8.0,5.0,74155.0,85848.0
94585,2018.0,197.87,6.5,8383.0,7571.0,29599.0,48.8,51.2,6.5,6.0,6.1,7.4,6.7,18.1,12.6,12.6,6.6,5.9,6.9,3.1,1.4,9395.0,4.7,2.2,4.9,8.3,9.5,16.8,17.4,21.2,8.8,6.2,78750.0,90078.0
94585,2019.0,208.97,5.61,8350.0,7534.0,29525.0,49.7,50.3,6.4,6.3,6.9,7.0,7.7,16.7,12.6,12.3,7.1,5.5,7.2,2.8,1.8,9300.0,3.4,1.9,5.7,7.0,8.9,17.2,17.9,20.7,11.3,5.9,82848.0,93416.0
94585,2020.0,215.15,2.96,8366.0,7507.0,29351.0,49.5,50.5,5.9,6.6,7.2,6.6,6.9,17.0,13.0,12.1,6.9,5.8,7.2,3.0,1.8,9254.0,2.9,3.5,4.7,6.2,9.9,15.9,17.9,21.3,11.1,6.5,81683.0,94259.0
94585,2020.0,215.15,2.96,8334.0,7491.0,29351.0,49.5,50.5,5.9,6.6,7.2,6.6,6.9,17.0,13.0,12.1,6.9,5.8,7.2,3.0,1.8,9254.0,2.9,3.5,4.7,6.2,9.9,15.9,17.9,21.3,11.1,6.5,81683.0,94259.0
94585,2021.0,249.65,16.04,8490.0,7488.0,29560.0,50.6,49.4,6.2,6.3,7.7,6.9,7.0,14.4,13.2,12.5,7.5,5.2,8.2,3.1,1.9,9486.0,2.7,3.8,4.8,5.3,10.0,15.2,16.4,22.8,10.9,7.9,86000.0,96848.0
94585,2021.0,249.65,16.04,8478.0,7475.0,29560.0,50.6,49.4,6.2,6.3,7.7,6.9,7.0,14.4,13.2,12.5,7.5,5.2,8.2,3.1,1.9,9486.0,2.7,3.8,4.8,5.3,10.0,15.2,16.4,22.8,10.9,7.9,86000.0,96848.0
94585,2022.0,285.30,14.28,8163.0,7452.0,29401.0,51.0,49.0,5.5,6.5,7.9,6.8,7.5,14.1,13.0,12.7,6.8,5.6,8.7,3.0,1.9,9659.0,3.5,3.1,4.0,5.2,10.1,12.6,15.1,23.5,10.3,12.6,95109.0,107391.0
94585,2023.0,276.68,-3.02,,,,,,,,,,,,,,,,,,,,,,,,,,,,,,,
94559,2017.0,223.03,4.96,7123.0,6378.0,28089.0,51.0,49.0,6.4,6.0,7.3,5.4,6.9,14.4,13.8,13.5,6.2,5.8,8.3,3.9,2.0,10374.0,3.9,4.0,6.9,8.2,11.8,19.8,13.0,16.1,8.0,8.2,68725.0,95743.0
94559,2018.0,236.58,6.08,7175.0,6473.0,27523.0,51.1,48.9,6.4,5.1,7.0,5.4,6.4,14.7,13.4,13.1,6.4,6.4,9.1,4.4,2.1,10211.0,3.7,2.5,7.5,6.9,11.7,19.2,12.6,17.2,9.9,8.9,73408.0,100258.0
94559,2019.0,243.40,2.88,7216.0,6484.0,27593.0,51.1,48.9,6.0,5.1,7.1,5.4,6.4,14.6,14.8,11.9,6.7,6.3,9.6,4.3,1.9,10210.0,3.8,2.4,5.2,6.9,12.7,17.1,14.1,17.9,10.1,9.8,76961.0,102190.0
94559,2020.0,251.26,3.23,7277.0,6603.0,27564.0,50.4,49.6,6.5,5.6,6.7,5.8,6.1,14.3,15.4,11.3,6.6,6.2,9.8,4.1,1.6,9943.0,2.9,2.3,5.5,7.0,11.8,18.5,13.5,16.5,10.9,11.1,76960.0,109756.0
94559,2020.0,251.26,3.23,7244.0,6569.0,27564.0,50.4,49.6,6.5,5.6,6.7,5.8,6.1,14.3,15.4,11.3,6.6,6.2,9.8,4.1,1.6,9943.0,2.9,2.3,5.5,7.0,11.8,18.5,13.5,16.5,10.9,11.1,76960.0,109756.0
94559,2021.0,275.12,9.5,7284.0,6524.0,27913.0,51.3,48.7,6.0,5.7,6.5,6.3,6.1,14.2,15.7,11.3,6.8,6.4,9.9,3.8,1.4,10131.0,2.9,2.6,4.6,5.4,12.9,15.5,14.4,17.1,10.7,13.9,85149.0,116447.0
94559,2021.0,275.12,9.5,7256.0,6496.0,27913.0,51.3,48.7,6.0,5.7,6.5,6.3,6.1,14.2,15.7,11.3,6.8,6.4,9.9,3.8,1.4,10131.0,2.9,2.6,4.6,5.4,12.9,15.5,14.4,17.1,10.7,13.9,85149.0,116447.0
94559,2022.0,302.13,9.82,7149.0,6507.0,28224.0,50.4,49.6,5.9,5.1,7.3,6.5,5.5,14.3,16.1,10.8,6.3,6.2,10.0,4.7,1.3,10313.0,2.2,2.2,3.1,4.8,11.0,16.6,12.6,21.0,10.0,16.5,94599.0,124722.0
94559,2023.0,311.66,3.15,,,,,,,,,,,,,,,,,,,,,,,,,,,,,,,
95405,2017.0,185.98,7.13,6867.0,6221.0,20994.0,46.9,53.1,5.4,4.0,4.9,5.0,4.0,14.6,10.8,14.7,7.6,8.4,12.2,5.3,3.1,8400.0,4.4,2.3,5.7,6.9,9.4,16.0,15.6,20.3,10.7,8.8,82274.0,101168.0
95405,2018.0,204.95,10.2,6902.0,6185.0,21448.0,46.3,53.7,6.3,3.6,4.5,4.6,4.3,15.6,10.6,14.1,7.9,8.0,12.4,5.1,3.0,8369.0,4.3,2.6,5.2,7.8,5.7,16.8,18.7,18.4,11.4,9.0,84354.0,103584.0
95405,2019.0,202.60,-1.15,6805.0,6204.0,21082.0,46.8,53.2,5.3,4.3,4.9,4.6,4.8,13.8,11.2,13.5,8.2,7.5,13.4,5.8,2.9,8174.0,4.1,2.3,3.9,6.8,6.4,15.5,18.4,20.1,13.2,9.3,89876.0,109470.0
95405,2020.0,202.29,-0.15,6852.0,6256.0,22875.0,47.1,52.9,5.1,4.4,4.7,3.9,6.1,12.7,12.1,14.7,7.1,6.3,14.1,5.7,3.2,8955.0,3.2,1.6,4.6,7.4,4.5,16.0,16.5,21.9,13.0,11.3,94411.0,114468.0
95405,2020.0,202.29,-0.15,6830.0,6235.0,22875.0,47.1,52.9,5.1,4.4,4.7,3.9,6.1,12.7,12.1,14.7,7.1,6.3,14.1,5.7,3.2,8955.0,3.2,1.6,4.6,7.4,4.5,16.0,16.5,21.9,13.0,11.3,94411.0,114468.0
95405,2021.0,216.06,6.8,6869.0,6211.0,23176.0,48.6,51.4,4.6,5.0,4.5,4.3,6.1,11.5,12.7,14.3,7.2,6.0,14.9,5.6,3.2,9396.0,3.0,1.7,4.7,5.3,7.4,14.6,13.3,22.4,14.2,13.4,99978.0,121882.0
95405,2021.0,216.06,6.8,6849.0,6193.0,23176.0,48.6,51.4,4.6,5.0,4.5,4.3,6.1,11.5,12.7,14.3,7.2,6.0,14.9,5.6,3.2,9396.0,3.0,1.7,4.7,5.3,7.4,14.6,13.3,22.4,14.2,13.4,99978.0,121882.0
95405,2022.0,238.55,10.41,6710.0,6132.0,23748.0,48.6,51.4,4.3,5.5,5.1,5.4,5.8,11.7,13.8,14.1,5.6,6.2,13.6,5.4,3.3,9359.0,2.9,1.0,3.5,4.1,8.2,14.0,11.2,22.0,15.6,17.5,111358.0,138206.0
95405,2023.0,243.81,2.21,,,,,,,,,,,,,,,,,,,,,,,,,,,,,,,
95620,2017.0,188.70,7.12,5410.0,4810.0,21588.0,50.5,49.5,5.8,7.7,9.8,6.8,7.7,12.8,14.0,12.7,5.2,5.7,6.9,4.5,0.6,6537.0,1.5,2.1,10.1,7.0,10.5,19.5,16.3,19.2,8.8,5.0,74053.0,90170.0
95620,2018.0,202.67,7.4,5499.0,4855.0,21854.0,50.9,49.1,5.8,7.8,9.0,6.8,8.0,13.5,12.9,12.0,5.9,5.4,6.9,4.8,1.1,6660.0,1.9,0.5,9.1,4.9,10.1,21.1,17.5,20.4,10.5,4.2,78079.0,93304.0
95620,2019.0,209.33,3.29,5564.0,4941.0,21954.0,51.0,49.0,4.8,7.5,9.0,7.2,7.9,13.4,12.9,12.4,5.9,5.3,7.4,4.9,1.5,6703.0,2.3,0.9,5.6,5.6,10.3,18.0,18.5,21.9,10.1,6.8,82956.0,100622.0
95620,2020.0,215.26,2.83,5758.0,5008.0,22312.0,50.1,49.9,5.8,7.7,8.8,6.7,8.1,15.1,12.6,10.7,5.8,4.7,8.7,3.5,1.8,7521.0,2.2,1.5,4.4,5.1,13.5,17.1,19.2,19.2,10.9,6.8,80080.0,102541.0
95620,2020.0,215.26,2.83,5747.0,5019.0,22312.0,50.1,49.9,5.8,7.7,8.8,6.7,8.1,15.1,12.6,10.7,5.8,4.7,8.7,3.5,1.8,7521.0,2.2,1.5,4.4,5.1,13.5,17.1,19.2,19.2,10.9,6.8,80080.0,102541.0
95620,2021.0,246.13,14.34,6049.0,5161.0,21494.0,51.3,48.7,6.0,7.2,8.1,7.6,7.4,13.8,12.9,11.8,5.6,5.7,8.8,3.4,1.7,7379.0,2.3,2.1,3.7,4.2,14.4,15.2,17.8,19.8,11.5,9.0,84891.0,104367.0
95620,2021.0,246.13,14.34,6013.0,5148.0,21494.0,51.3,48.7,6.0,7.2,8.1,7.6,7.4,13.8,12.9,11.8,5.6,5.7,8.8,3.4,1.7,7379.0,2.3,2.1,3.7,4.2,14.4,15.2,17.8,19.8,11.5,9.0,84891.0,104367.0
95620,2022.0,271.12,10.15,6218.0,5373.0,22004.0,50.4,49.6,6.7,7.5,7.9,7.0,7.2,14.5,12.6,12.4,5.6,5.4,8.7,2.9,1.6,7523.0,3.0,1.1,1.4,5.1,12.3,11.6,20.1,23.3,9.8,12.2,94042.0,117972.0
95620,2023.0,269.49,-0.6,,,,,,,,,,,,,,,,,,,,,,,,,,,,,,,
94503,2017.0,194.55,6.59,5359.0,4812.0,20371.0,49.6,50.4,6.6,6.8,8.3,7.2,7.4,11.8,14.8,14.4,6.9,5.6,6.0,3.1,1.1,5505.0,2.3,3.1,6.8,5.0,11.1,13.6,12.6,20.3,12.0,13.2,91802.0,113564.0
94503,2018.0,207.86,6.84,5483.0,4847.0,20306.0,49.7,50.3,6.4,6.0,8.9,7.4,7.5,10.9,14.6,15.2,6.3,5.3,6.7,3.9,1.0,5442.0,2.3,4.3,4.4,5.0,10.3,14.8,10.1,20.1,13.4,15.4,98247.0,119500.0
94503,2019.0,212.97,2.46,5475.0,4895.0,20276.0,49.8,50.2,5.7,6.2,8.5,7.7,7.5,11.4,13.7,15.1,6.8,5.4,6.8,4.3,1.1,5303.0,2.4,4.3,4.1,4.0,8.8,14.1,10.5,19.6,14.8,17.3,101865.0,127720.0
94503,2020.0,216.27,1.55,5454.0,4916.0,20295.0,48.9,51.1,5.7,6.3,8.7,7.5,8.0,11.6,12.9,15.2,6.5,5.8,6.7,3.8,1.3,5147.0,3.8,3.9,2.9,3.9,7.0,12.8,9.5,22.3,16.9,17.0,108638.0,129990.0
94503,2020.0,216.27,1.55,5460.0,4928.0,20295.0,48.9,51.1,5.7,6.3,8.7,7.5,8.0,11.6,12.9,15.2,6.5,5.8,6.7,3.8,1.3,5147.0,3.8,3.9,2.9,3.9,7.0,12.8,9.5,22.3,16.9,17.0,108638.0,129990.0
94503,2021.0,244.64,13.12,5425.0,4868.0,21874.0,49.4,50.6,4.8,5.9,8.9,8.0,8.0,12.1,12.7,15.3,6.4,5.8,7.5,3.4,1.2,5622.0,3.5,2.3,3.0,4.9,4.9,12.2,10.6,21.6,15.9,21.1,118143.0,140488.0
94503,2021.0,244.64,13.12,5431.0,4874.0,21874.0,49.4,50.6,4.8,5.9,8.9,8.0,8.0,12.1,12.7,15.3,6.4,5.8,7.5,3.4,1.2,5622.0,3.5,2.3,3.0,4.9,4.9,12.2,10.6,21.6,15.9,21.1,118143.0,140488.0
94503,2022.0,276.02,12.83,5329.0,4882.0,21791.0,48.5,51.5,5.3,6.0,9.0,7.7,8.5,12.2,12.0,13.6,6.4,6.5,7.6,4.0,1.3,5790.0,3.5,2.0,2.5,5.9,3.7,11.5,10.9,20.7,16.1,23.3,122500.0,150188.0
94503,2023.0,262.65,-4.84,,,,,,,,,,,,,,,,,,,,,,,,,,,,,,,
95422,2017.0,189.24,8.68,4877.0,4154.0,15360.0,51.4,48.6,6.7,7.6,6.1,7.0,5.6,12.5,10.0,13.4,8.8,5.5,11.4,4.1,1.1,6360.0,14.7,10.2,19.1,18.9,12.2,11.7,6.2,4.6,2.2,0.3,27161.0,39427.0
95422,2018.0,205.40,8.54,5185.0,4430.0,15550.0,49.9,50.1,6.3,8.4,7.0,5.9,4.7,14.0,9.9,13.7,7.9,5.5,11.2,3.9,1.5,6129.0,13.0,11.5,17.2,17.3,13.3,14.1,6.9,3.8,2.6,0.5,29069.0,40937.0
95422,2019.0,216.62,5.46,5113.0,4362.0,15696.0,48.7,51.3,7.1,8.0,7.4,5.9,4.9,13.4,10.2,13.1,6.9,5.4,12.3,4.2,1.3,5962.0,10.1,11.9,16.1,15.5,17.8,14.8,5.8,4.4,3.3,0.3,31793.0,43102.0
95422,2020.0,238.51,10.1,5114.0,4447.0,15644.0,49.0,51.0,5.1,9.6,7.3,6.6,3.6,13.1,11.3,13.5,6.3,5.5,11.9,4.8,1.6,5970.0,9.1,10.7,13.9,14.0,16.2,18.7,8.1,5.0,3.4,0.9,36623.0,47453.0
95422,2020.0,238.51,10.1,5022.0,4384.0,15644.0,49.0,51.0,5.1,9.6,7.3,6.6,3.6,13.1,11.3,13.5,6.3,5.5,11.9,4.8,1.6,5970.0,9.1,10.7,13.9,14.0,16.2,18.7,8.1,5.0,3.4,0.9,36623.0,47453.0
95422,2021.0,268.29,12.49,5005.0,4401.0,16759.0,49.1,50.9,5.3,9.3,7.0,6.9,3.4,12.9,11.3,13.1,6.2,6.2,12.1,4.5,1.9,6136.0,7.3,10.8,12.5,13.5,18.4,17.8,7.4,7.9,2.7,1.7,38325.0,51314.0
95422,2021.0,268.29,12.49,4934.0,4348.0,16759.0,49.1,50.9,5.3,9.3,7.0,6.9,3.4,12.9,11.3,13.1,6.2,6.2,12.1,4.5,1.9,6136.0,7.3,10.8,12.5,13.5,18.4,17.8,7.4,7.9,2.7,1.7,38325.0,51314.0
95422,2022.0,314.17,17.1,4777.0,4310.0,16998.0,49.3,50.7,5.1,8.0,7.9,7.0,3.6,13.8,12.1,12.4,5.6,6.8,11.4,4.6,1.9,5999.0,6.6,9.1,12.0,13.1,16.4,20.6,7.1,11.1,2.2,2.0,41428.0,55385.0
95422,2023.0,330.01,5.04,,,,,,,,,,,,,,,,,,,,,,,,,,,,,,,
95451,2017.0,184.02,14.4,4453.0,3924.0,12016.0,46.7,53.3,7.1,5.4,4.4,5.4,3.5,11.0,13.0,12.1,6.9,10.3,13.7,5.7,1.8,4790.0,10.4,5.6,13.0,9.7,8.3,17.8,12.8,15.5,2.9,4.1,51587.0,65797.0
95451,2018.0,197.71,7.44,4425.0,3891.0,11627.0,46.4,53.6,6.7,5.5,3.6,5.3,4.0,11.2,11.9,11.5,8.3,9.2,14.5,6.5,1.8,4724.0,9.6,4.0,8.7,11.7,12.8,16.5,12.3,16.2,4.6,3.7,51469.0,69016.0
95451,2019.0,202.06,2.2,4466.0,3709.0,11603.0,48.9,51.1,6.5,5.0,4.5,4.9,5.5,10.6,13.7,9.7,8.6,8.9,14.3,6.2,1.7,4621.0,7.1,4.5,6.0,12.5,14.5,17.0,11.6,17.2,4.8,4.9,54110.0,82258.0
95451,2020.0,206.54,2.22,4697.0,4010.0,12031.0,48.2,51.8,8.2,5.4,4.2,3.9,6.6,12.0,11.1,8.6,7.9,9.0,14.3,7.6,1.3,4432.0,5.4,4.4,5.0,12.5,16.4,20.5,10.0,17.2,4.3,4.2,54189.0,82572.0
95451,2020.0,206.54,2.22,4188.0,3728.0,12031.0,48.2,51.8,8.2,5.4,4.2,3.9,6.6,12.0,11.1,8.6,7.9,9.0,14.3,7.6,1.3,4432.0,5.4,4.4,5.0,12.5,16.4,20.5,10.0,17.2,4.3,4.2,54189.0,82572.0
95451,2021.0,228.42,10.59,4580.0,4046.0,12611.0,49.6,50.4,8.1,7.1,4.5,2.5,5.6,13.7,10.6,8.8,7.6,8.2,13.8,7.9,1.7,4767.0,3.8,3.1,5.3,12.7,10.3,27.1,12.4,16.5,4.8,4.1,56435.0,87972.0
95451,2021.0,228.42,10.59,4022.0,3657.0,12611.0,49.6,50.4,8.1,7.1,4.5,2.5,5.6,13.7,10.6,8.8,7.6,8.2,13.8,7.9,1.7,4767.0,3.8,3.1,5.3,12.7,10.3,27.1,12.4,16.5,4.8,4.1,56435.0,87972.0
95451,2022.0,243.46,6.59,3895.0,3569.0,12957.0,49.4,50.6,6.1,5.3,5.3,4.8,6.0,12.7,10.2,10.6,8.1,6.9,14.4,7.7,1.7,4973.0,2.4,1.5,6.3,10.2,14.6,21.5,14.0,17.8,7.4,4.4,61904.0,94312.0
95451,2023.0,239.53,-1.62,,,,,,,,,,,,,,,,,,,,,,,,,,,,,,,
94571,2017.0,163.15,12.01,4553.0,3872.0,9480.0,48.6,51.4,2.4,3.6,2.8,3.8,4.2,6.5,7.8,10.4,8.8,10.2,24.6,10.7,4.2,4468.0,4.4,3.8,8.1,13.5,12.2,15.8,11.9,21.3,6.3,2.8,64694.0,75314.0
94571,2018.0,178.85,9.62,4745.0,3990.0,9784.0,48.9,51.1,1.5,4.0,4.1,3.4,4.5,5.8,6.9,10.0,7.8,11.7,26.0,10.3,4.1,4555.0,6.8,3.4,5.2,11.5,10.2,16.8,17.2,20.5,5.5,2.8,66911.0,76224.0
94571,2019.0,188.71,5.51,5056.0,4127.0,10605.0,50.4,49.6,1.0,3.9,2.7,3.1,5.5,4.0,6.1,9.3,7.0,12.4,28.1,12.3,4.7,5211.0,5.2,3.1,4.5,12.8,10.8,21.7,15.7,17.8,5.5,2.8,68226.0,75998.0
94571,2020.0,191.05,1.24,5106.0,4442.0,10330.0,46.8,53.2,1.5,3.0,1.3,4.6,3.4,8.3,3.2,8.5,7.2,15.3,26.1,14.1,3.5,4939.0,3.6,1.7,6.3,11.5,13.9,18.7,15.3,17.1,8.2,3.7,68617.0,79658.0
94571,2020.0,191.05,1.24,5055.0,4427.0,10330.0,46.8,53.2,1.5,3.0,1.3,4.6,3.4,8.3,3.2,8.5,7.2,15.3,26.1,14.1,3.5,4939.0,3.6,1.7,6.3,11.5,13.9,18.7,15.3,17.1,8.2,3.7,68617.0,79658.0
94571,2021.0,218.11,14.16,5651.0,4602.0,10776.0,44.8,55.2,1.7,2.6,2.1,2.3,3.0,10.8,3.0,7.9,6.2,15.3,26.7,15.8,2.6,5320.0,4.6,1.8,5.8,8.9,11.4,18.0,16.5,20.7,8.5,3.7,73547.0,83932.0
94571,2021.0,218.11,14.16,5549.0,4597.0,10776.0,44.8,55.2,1.7,2.6,2.1,2.3,3.0,10.8,3.0,7.9,6.2,15.3,26.7,15.8,2.6,5320.0,4.6,1.8,5.8,8.9,11.4,18.0,16.5,20.7,8.5,3.7,73547.0,83932.0
94571,2022.0,243.51,11.64,5159.0,4514.0,10514.0,46.0,54.0,2.2,2.1,1.6,1.3,3.2,10.6,4.1,6.7,5.6,13.0,27.3,19.4,2.9,5342.0,4.0,1.5,4.1,7.4,13.6,14.5,17.2,18.4,13.3,6.0,80962.0,92951.0
94571,2023.0,242.59,-0.38,,,,,,,,,,,,,,,,,,,,,,,,,,,,,,,
95425,2017.0,190.09,10.27,3454.0,3101.0,10571.0,46.7,53.3,5.7,5.7,7.4,6.8,5.2,9.7,13.7,12.4,6.3,7.5,11.3,6.1,2.2,3982.0,3.1,4.8,7.2,9.7,13.6,17.0,13.2,16.0,6.4,8.8,64199.0,85723.0
95425,2018.0,206.26,8.51,3512.0,3153.0,10586.0,47.6,52.4,5.3,6.8,7.1,4.2,5.2,10.8,13.2,11.2,5.9,9.7,12.4,5.9,2.3,3935.0,3.5,4.6,6.7,8.3,12.5,16.5,14.6,16.8,8.0,8.6,69153.0,90078.0
95425,2019.0,204.13,-1.03,3498.0,3119.0,10984.0,46.5,53.5,6.7,6.8,7.2,3.8,3.8,12.0,13.1,10.4,6.1,9.7,13.1,5.6,1.7,4112.0,3.1,4.3,5.6,7.9,11.5,18.2,14.3,18.6,7.7,8.8,73235.0,97051.0
95425,2020.0,206.32,1.07,3508.0,3147.0,11144.0,47.9,52.1,4.8,6.5,6.0,5.5,3.6,10.1,12.2,14.8,5.9,9.5,14.3,5.0,1.7,4394.0,2.9,3.3,5.6,7.7,13.3,13.6,12.8,20.8,8.0,11.9,81905.0,111779.0
95425,2020.0,206.32,1.07,3482.0,3146.0,11144.0,47.9,52.1,4.8,6.5,6.0,5.5,3.6,10.1,12.2,14.8,5.9,9.5,14.3,5.0,1.7,4394.0,2.9,3.3,5.6,7.7,13.3,13.6,12.8,20.8,8.0,11.9,81905.0,111779.0
95425,2021.0,220.37,6.81,3573.0,3140.0,11337.0,49.9,50.1,2.8,6.7,6.5,6.1,3.8,8.7,13.8,14.5,6.6,9.4,14.9,4.6,1.7,4585.0,3.7,3.7,3.9,6.0,9.6,12.6,12.5,21.9,11.9,14.2,93039.0,125349.0
95425,2021.0,220.37,6.81,3535.0,3113.0,11337.0,49.9,50.1,2.8,6.7,6.5,6.1,3.8,8.7,13.8,14.5,6.6,9.4,14.9,4.6,1.7,4585.0,3.7,3.7,3.9,6.0,9.6,12.6,12.5,21.9,11.9,14.2,93039.0,125349.0
95425,2022.0,236.47,7.31,3432.0,3048.0,11331.0,50.0,50.0,2.8,7.6,5.5,6.3,3.8,10.4,15.6,12.0,6.0,7.9,15.5,4.6,2.0,4401.0,3.1,2.4,4.4,2.9,12.7,12.9,10.5,21.3,13.9,15.8,103125.0,131851.0
95425,2023.0,246.86,4.39,,,,,,,,,,,,,,,,,,,,,,,,,,,,,,,
95467,2017.0,180.50,13.51,2445.0,2097.0,5735.0,45.6,54.4,3.6,7.6,9.6,3.9,5.8,7.2,13.5,12.8,6.6,9.9,12.1,6.2,1.2,2149.0,3.4,2.8,10.9,5.2,14.9,26.6,15.1,10.2,6.0,4.7,63079.0,73250.0
95467,2018.0,179.92,-0.33,2471.0,2110.0,6044.0,48.7,51.3,4.6,6.8,9.5,4.7,6.6,7.0,13.7,12.4,7.0,9.0,10.8,6.2,1.6,2284.0,2.0,2.3,10.5,8.0,16.3,19.2,18.4,12.2,5.8,5.3,63384.0,78526.0
95467,2019.0,185.09,2.87,2496.0,2093.0,5506.0,47.9,52.1,3.6,7.7,9.7,5.2,5.2,6.2,13.6,14.9,5.5,10.0,9.9,6.7,1.7,2054.0,1.4,2.7,7.7,3.8,17.7,20.6,16.3,18.2,6.7,4.8,70625.0,84204.0
95467,2020.0,184.72,-0.2,2519.0,2187.0,5909.0,49.9,50.1,3.0,9.5,7.8,4.9,8.1,6.9,13.5,12.0,4.1,9.9,12.1,6.4,1.7,2240.0,0.4,7.0,9.7,7.2,15.8,14.6,15.5,17.8,8.7,3.3,67756.0,82190.0
95467,2020.0,184.72,-0.2,2486.0,2181.0,5909.0,49.9,50.1,3.0,9.5,7.8,4.9,8.1,6.9,13.5,12.0,4.1,9.9,12.1,6.4,1.7,2240.0,0.4,7.0,9.7,7.2,15.8,14.6,15.5,17.8,8.7,3.3,67756.0,82190.0
95467,2021.0,206.47,11.77,2548.0,2164.0,6109.0,47.8,52.2,2.0,10.0,9.5,5.4,7.0,6.8,13.5,12.6,5.4,6.9,11.1,8.2,1.7,2244.0,0.9,3.7,10.3,5.0,16.5,10.6,17.1,21.3,10.2,4.4,77115.0,90716.0
95467,2021.0,206.47,11.77,2472.0,2144.0,6109.0,47.8,52.2,2.0,10.0,9.5,5.4,7.0,6.8,13.5,12.6,5.4,6.9,11.1,8.2,1.7,2244.0,0.9,3.7,10.3,5.0,16.5,10.6,17.1,21.3,10.2,4.4,77115.0,90716.0
95467,2022.0,.,,2345.0,2036.0,5795.0,51.5,48.5,3.7,9.0,8.2,4.1,5.7,8.4,11.9,8.9,5.4,6.1,16.4,9.9,2.2,2184.0,2.1,3.1,8.2,6.7,11.9,14.7,14.5,21.8,5.3,11.7,82660.0,98777.0
95467,2023.0,.,,,,,,,,,,,,,,,,,,,,,,,,,,,,,,,,
95423,2017.0,179.61,1.89,1969.0,1707.0,3818.0,56.2,43.8,4.9,3.7,2.6,3.2,5.0,5.2,9.4,16.0,12.2,12.5,18.2,5.3,1.8,1705.0,8.6,9.3,15.8,14.5,12.7,17.2,13.7,5.5,1.2,1.5,36292.0,48484.0
95423,2018.0,181.57,1.09,2054.0,1743.0,3757.0,54.7,45.3,7.5,3.5,1.0,1.9,6.1,5.7,8.4,15.3,10.3,12.7,19.4,7.4,0.7,1679.0,7.3,7.3,13.5,11.2,15.1,17.0,17.1,8.6,1.3,1.7,44611.0,63747.0
95423,2019.0,203.21,11.92,2050.0,1778.0,3751.0,54.0,46.0,7.6,4.2,2.1,2.8,5.5,6.2,6.7,17.2,12.0,11.0,18.4,6.1,0.2,1668.0,4.9,8.6,11.6,11.9,18.6,16.3,16.5,8.2,1.9,1.4,46500.0,62338.0
95423,2020.0,213.68,5.15,2082.0,1804.0,3597.0,51.5,48.5,6.4,4.2,1.8,3.9,2.6,8.7,6.4,18.1,11.7,7.5,19.3,6.5,2.8,1584.0,2.0,9.8,12.7,10.5,19.0,14.0,14.1,12.0,4.6,1.3,46833.0,68127.0
95423,2020.0,213.68,5.15,2051.0,1785.0,3597.0,51.5,48.5,6.4,4.2,1.8,3.9,2.6,8.7,6.4,18.1,11.7,7.5,19.3,6.5,2.8,1584.0,2.0,9.8,12.7,10.5,19.0,14.0,14.1,12.0,4.6,1.3,46833.0,68127.0
95423,2021.0,228.53,6.95,2078.0,1795.0,3244.0,50.3,49.7,5.7,2.8,2.2,4.3,4.8,8.0,8.2,13.4,7.6,11.5,19.6,8.1,3.9,1528.0,3.6,14.1,8.6,13.9,14.3,9.4,15.9,12.9,4.6,2.6,45600.0,78558.0
95423,2021.0,228.53,6.95,2041.0,1777.0,3244.0,50.3,49.7,5.7,2.8,2.2,4.3,4.8,8.0,8.2,13.4,7.6,11.5,19.6,8.1,3.9,1528.0,3.6,14.1,8.6,13.9,14.3,9.4,15.9,12.9,4.6,2.6,45600.0,78558.0
95423,2022.0,289.84,26.83,1941.0,1739.0,3322.0,49.1,50.9,3.7,4.5,3.4,6.1,4.6,4.7,9.2,11.6,8.1,9.4,21.2,9.9,3.6,1605.0,10.3,7.0,10.4,13.8,15.4,14.4,9.5,7.9,4.2,7.1,42648.0,75540.0
95423,2023.0,244.20,-15.75,,,,,,,,,,,,,,,,,,,,,,,,,,,,,,,
95932,2017.0,186.11,13.28,1930.0,1732.0,7669.0,52.2,47.8,8.3,9.8,6.8,5.8,7.6,11.5,12.8,9.5,8.5,4.3,9.6,4.8,0.8,2755.0,3.8,7.2,9.6,9.2,16.3,20.2,12.8,9.4,7.0,4.4,53342.0,73184.0
95932,2018.0,198.19,6.49,1919.0,1700.0,7742.0,52.0,48.0,7.9,9.1,7.3,5.5,8.0,11.9,12.4,10.0,8.2,5.1,8.9,4.6,1.1,2802.0,3.9,6.4,14.3,10.2,14.8,20.0,12.6,9.6,4.7,3.6,50551.0,68054.0
95932,2019.0,210.15,6.03,1935.0,1719.0,7633.0,52.7,47.3,6.7,8.1,6.0,6.4,7.6,12.4,12.3,10.8,8.0,5.3,9.8,5.5,1.1,2874.0,4.2,6.5,13.1,8.7,13.1,22.7,12.8,11.2,4.1,3.6,54167.0,70620.0
95932,2020.0,220.45,4.9,1947.0,1708.0,7573.0,51.1,48.9,5.4,7.9,7.1,7.2,5.2,10.7,14.2,10.9,7.1,5.6,10.2,6.1,2.4,2986.0,4.5,8.6,15.3,6.2,12.0,21.9,12.1,11.5,4.9,2.9,55284.0,69226.0
95932,2020.0,220.45,4.9,1945.0,1707.0,7573.0,51.1,48.9,5.4,7.9,7.1,7.2,5.2,10.7,14.2,10.9,7.1,5.6,10.2,6.1,2.4,2986.0,4.5,8.6,15.3,6.2,12.0,21.9,12.1,11.5,4.9,2.9,55284.0,69226.0
95932,2021.0,249.38,13.13,1952.0,1715.0,7963.0,50.7,49.3,5.6,7.8,7.2,7.0,5.1,12.7,13.8,9.9,6.0,6.6,11.0,4.8,2.6,3002.0,7.9,5.4,13.9,6.5,13.3,16.8,12.8,15.1,3.5,4.7,56582.0,73302.0
95932,2021.0,249.38,13.13,1945.0,1711.0,7963.0,50.7,49.3,5.6,7.8,7.2,7.0,5.1,12.7,13.8,9.9,6.0,6.6,11.0,4.8,2.6,3002.0,7.9,5.4,13.9,6.5,13.3,16.8,12.8,15.1,3.5,4.7,56582.0,73302.0
95932,2022.0,282.77,13.39,1950.0,1735.0,7789.0,50.8,49.2,5.2,8.1,8.0,7.0,5.0,11.3,14.1,10.6,5.5,6.3,11.4,5.1,2.4,3010.0,7.0,4.7,8.3,11.0,10.3,18.2,14.3,13.6,7.3,5.4,62625.0,80085.0
95932,2023.0,285.62,1.01,,,,,,,,,,,,,,,,,,,,,,,,,,,,,,,
95497,,,,,,,,,,,,,,,,,,,,,,,,,,,,,,,,,,
95442,2017.0,189.10,9.91,1271.0,1154.0,3366.0,49.0,51.0,3.8,6.2,4.1,4.8,5.3,8.7,12.7,13.9,6.6,10.3,15.4,6.2,1.8,1517.0,2.0,1.2,10.7,10.9,8.2,15.4,4.6,14.2,20.2,12.5,82566.0,119106.0
95442,2018.0,197.08,4.22,1246.0,1136.0,3136.0,51.6,48.4,3.2,5.1,6.2,3.8,4.7,8.5,10.1,16.1,7.1,11.7,17.5,4.4,1.5,1381.0,3.3,1.2,5.9,7.5,8.6,12.5,6.8,16.7,17.3,20.4,114879.0,150064.0
95442,2019.0,200.38,1.68,1249.0,1091.0,3213.0,47.5,52.5,4.6,5.6,6.1,3.8,5.5,7.4,12.9,17.3,4.4,9.0,15.0,3.1,5.5,1312.0,5.3,1.3,4.3,6.1,6.9,10.8,4.9,19.7,13.3,27.3,135000.0,216011.0
95442,2020.0,205.13,2.37,1266.0,1126.0,3143.0,52.0,48.0,6.5,3.8,3.2,1.8,3.7,5.0,9.6,15.7,21.5,8.4,15.3,3.1,2.4,1365.0,6.4,1.0,4.5,4.5,8.4,2.6,3.3,22.1,9.7,37.5,144129.0,256748.0
95442,2020.0,205.13,2.37,1223.0,1096.0,3143.0,52.0,48.0,6.5,3.8,3.2,1.8,3.7,5.0,9.6,15.7,21.5,8.4,15.3,3.1,2.4,1365.0,6.4,1.0,4.5,4.5,8.4,2.6,3.3,22.1,9.7,37.5,144129.0,256748.0
95442,2021.0,217.37,5.97,1276.0,1118.0,2521.0,52.6,47.4,0.7,2.9,3.3,3.1,3.7,5.1,5.0,18.5,25.6,12.9,12.5,3.6,3.0,1161.0,4.1,0.0,1.6,0.0,13.8,10.1,1.6,15.7,15.4,37.7,151342.0,289956.0
95442,2021.0,217.37,5.97,1243.0,1090.0,2521.0,52.6,47.4,0.7,2.9,3.3,3.1,3.7,5.1,5.0,18.5,25.6,12.9,12.5,3.6,3.0,1161.0,4.1,0.0,1.6,0.0,13.8,10.1,1.6,15.7,15.4,37.7,151342.0,289956.0
95442,2022.0,230.70,6.13,1226.0,978.0,2592.0,53.2,46.8,1.4,2.2,4.6,1.4,0.9,4.7,6.9,18.4,24.2,15.9,13.9,3.2,2.3,1253.0,5.7,1.4,2.0,4.6,4.2,3.8,7.3,10.0,22.0,39.0,168512.0,313954.0
95442,2023.0,.,,,,,,,,,,,,,,,,,,,,,,,,,,,,,,,,
95445,2017.0,169.78,4.78,1140.0,1035.0,1930.0,47.4,52.6,3.7,3.7,3.3,1.6,1.9,5.0,10.4,6.6,9.9,15.9,27.5,7.7,2.8,953.0,2.7,6.0,8.0,16.6,19.0,16.4,10.9,13.0,5.6,1.9,48880.0,66224.0
95445,2018.0,187.40,10.38,1127.0,1014.0,2201.0,44.9,55.1,3.5,3.7,3.2,3.6,1.5,3.2,12.5,4.2,12.9,13.4,27.2,8.3,2.7,1034.0,2.9,5.1,7.6,12.9,13.2,29.5,10.4,12.1,5.4,0.8,56227.0,66478.0
95445,2019.0,201.73,7.65,1147.0,956.0,2257.0,45.3,54.7,3.4,3.9,3.2,3.5,1.2,4.2,12.4,3.2,10.5,12.4,30.3,9.3,2.4,1068.0,3.7,4.7,9.7,11.4,9.7,30.9,12.4,14.5,2.1,0.8,58308.0,65974.0
95445,2020.0,196.41,-2.64,1179.0,1040.0,1989.0,44.7,55.3,2.7,3.5,2.9,3.3,1.4,5.5,11.6,0.2,13.9,11.9,32.9,9.7,0.7,968.0,0.9,3.0,9.9,4.2,10.3,36.5,16.0,10.8,7.7,0.5,59109.0,71206.0
95445,2020.0,196.41,-2.64,1128.0,1018.0,1989.0,44.7,55.3,2.7,3.5,2.9,3.3,1.4,5.5,11.6,0.2,13.9,11.9,32.9,9.7,0.7,968.0,0.9,3.0,9.9,4.2,10.3,36.5,16.0,10.8,7.7,0.5,59109.0,71206.0
95445,2021.0,234.64,19.47,1161.0,1019.0,2134.0,46.9,53.1,2.8,4.3,4.4,7.5,0.0,7.9,12.7,2.0,13.2,8.7,26.6,9.6,0.5,955.0,0.9,1.0,8.2,4.6,8.7,33.3,17.3,15.3,9.4,1.3,70027.0,79979.0
95445,2021.0,234.64,19.47,1110.0,987.0,2134.0,46.9,53.1,2.8,4.3,4.4,7.5,0.0,7.9,12.7,2.0,13.2,8.7,26.6,9.6,0.5,955.0,0.9,1.0,8.2,4.6,8.7,33.3,17.3,15.3,9.4,1.3,70027.0,79979.0
95445,2022.0,225.53,-3.88,1051.0,946.0,2012.0,48.7,51.3,1.1,4.1,5.9,6.7,0.0,7.9,9.7,5.7,14.0,9.3,25.6,9.8,0.1,884.0,4.4,1.2,6.1,2.7,0.9,28.2,31.1,11.2,2.9,11.2,79462.0,111100.0
95445,2023.0,.,,,,,,,,,,,,,,,,,,,,,,,,,,,,,,,,
94599,2017.0,232.73,5.57,900.0,794.0,3117.0,42.7,57.3,1.7,1.2,3.7,2.1,1.0,6.1,6.8,11.5,10.4,7.6,18.4,15.7,14.0,1394.0,9.0,3.3,7.0,10.8,7.8,17.6,10.1,12.7,9.0,12.7,71667.0,116351.0
94599,2018.0,244.96,5.25,902.0,788.0,3078.0,45.5,54.5,1.1,1.2,2.9,2.1,1.0,5.4,6.4,10.8,8.9,8.8,22.2,16.3,12.8,1418.0,6.3,5.2,8.3,10.5,9.7,15.9,10.2,12.5,11.4,10.0,64545.0,115825.0
94599,2019.0,271.67,10.9,888.0,794.0,3108.0,45.9,54.1,0.7,1.9,3.8,1.6,1.9,5.5,7.6,9.9,10.1,7.5,20.3,16.3,13.0,1446.0,8.4,4.1,5.5,10.9,10.8,12.5,12.3,12.9,10.8,11.8,69800.0,117329.0
94599,2020.0,277.74,2.23,891.0,786.0,3070.0,50.0,50.0,0.5,2.8,3.9,1.3,1.8,9.8,7.3,8.6,10.3,6.9,20.6,13.3,12.9,1428.0,8.3,2.9,6.1,16.3,7.3,17.6,9.6,10.3,13.5,8.1,65962.0,102411.0
94599,2020.0,277.74,2.23,875.0,764.0,3070.0,50.0,50.0,0.5,2.8,3.9,1.3,1.8,9.8,7.3,8.6,10.3,6.9,20.6,13.3,12.9,1428.0,8.3,2.9,6.1,16.3,7.3,17.6,9.6,10.3,13.5,8.1,65962.0,102411.0
94599,2021.0,291.12,4.82,891.0,787.0,3421.0,48.6,51.4,0.3,2.7,4.0,2.1,1.4,8.9,6.9,8.6,12.0,8.7,22.0,11.3,11.0,1639.0,4.9,4.7,5.6,18.7,6.7,16.6,7.7,12.0,12.1,11.0,69769.0,112165.0
94599,2021.0,291.12,4.82,877.0,773.0,3421.0,48.6,51.4,0.3,2.7,4.0,2.1,1.4,8.9,6.9,8.6,12.0,8.7,22.0,11.3,11.0,1639.0,4.9,4.7,5.6,18.7,6.7,16.6,7.7,12.0,12.1,11.0,69769.0,112165.0
94599,2022.0,.,,862.0,771.0,3428.0,46.1,53.9,1.0,2.7,0.6,1.4,0.4,9.8,7.1,8.0,11.0,7.9,20.9,14.7,14.6,1531.0,4.2,6.9,3.9,13.1,7.8,13.5,11.9,15.7,8.4,14.6,75245.0,118638.0
94599,2023.0,.,,,,,,,,,,,,,,,,,,,,,,,,,,,,,,,,
94535,,,,,,,,,,,,,,,,,,,,,,,,,,,,,,,,,,
95912,2017.0,183.37,5.19,1046.0,917.0,4830.0,49.9,50.1,8.0,7.3,8.1,11.3,6.1,14.2,9.3,13.8,5.9,4.0,7.9,2.9,1.2,1417.0,5.6,3.0,7.2,13.1,10.0,18.8,21.5,12.7,4.9,3.1,65512.0,82810.0
95912,2018.0,210.80,14.96,1025.0,907.0,5010.0,53.1,46.9,7.4,8.1,7.3,10.0,5.1,17.0,9.7,13.1,6.0,3.7,8.7,2.6,1.3,1506.0,2.9,2.0,9.4,11.2,12.0,17.9,21.4,14.7,3.6,4.9,68590.0,89294.0
95912,2019.0,223.99,6.26,1018.0,898.0,5380.0,51.5,48.5,7.3,6.5,8.7,10.2,6.4,13.3,12.8,10.4,7.5,4.5,8.5,2.2,1.5,1576.0,3.3,2.2,11.2,8.6,8.9,21.3,19.8,14.0,3.7,7.1,69786.0,91365.0
95912,2020.0,222.60,-0.62,1111.0,959.0,5112.0,51.1,48.9,7.9,5.9,7.4,8.2,7.8,14.6,12.6,8.9,6.4,8.9,6.7,2.1,2.5,1545.0,4.0,0.8,7.2,13.2,13.7,24.3,11.5,15.8,3.9,5.5,64923.0,84943.0
95912,2020.0,222.60,-0.62,1047.0,916.0,5112.0,51.1,48.9,7.9,5.9,7.4,8.2,7.8,14.6,12.6,8.9,6.4,8.9,6.7,2.1,2.5,1545.0,4.0,0.8,7.2,13.2,13.7,24.3,11.5,15.8,3.9,5.5,64923.0,84943.0
95912,2021.0,246.32,10.66,1161.0,1015.0,4782.0,52.4,47.6,8.7,5.3,7.4,7.8,8.6,13.7,12.1,9.0,6.7,9.9,7.4,1.1,2.3,1406.0,3.4,1.1,8.4,6.5,23.8,16.7,13.7,14.6,5.0,6.8,64667.0,85508.0
95912,2021.0,246.32,10.66,1095.0,959.0,4782.0,52.4,47.6,8.7,5.3,7.4,7.8,8.6,13.7,12.1,9.0,6.7,9.9,7.4,1.1,2.3,1406.0,3.4,1.1,8.4,6.5,23.8,16.7,13.7,14.6,5.0,6.8,64667.0,85508.0
95912,2022.0,292.26,18.65,1042.0,953.0,4908.0,52.5,47.5,6.9,6.1,7.6,6.3,8.9,14.2,12.9,9.9,4.7,11.0,6.6,2.4,2.5,1522.0,1.1,0.0,6.9,6.0,15.2,19.3,16.6,19.1,6.3,9.7,77772.0,106806.0
95912,2023.0,262.77,-10.09,,,,,,,,,,,,,,,,,,,,,,,,,,,,,,,
94508,2017.0,188.34,6.62,773.0,718.0,4176.0,51.7,48.3,3.3,3.6,2.5,13.8,21.2,12.5,9.7,9.3,6.2,5.7,8.3,3.0,0.7,1041.0,5.3,0.9,1.2,2.1,16.7,21.5,10.7,18.0,12.7,11.0,80795.0,113637.0
94508,2018.0,186.11,-1.18,766.0,692.0,4298.0,51.1,48.9,2.8,3.5,3.8,14.9,19.6,12.6,8.6,11.8,5.6,5.4,7.9,2.6,1.0,1073.0,4.6,1.9,0.9,1.7,14.3,21.1,10.8,21.9,12.5,10.4,87422.0,114904.0
94508,2019.0,196.77,5.73,754.0,669.0,3935.0,50.3,49.7,2.2,3.8,4.7,15.5,19.4,10.0,9.8,12.7,5.6,5.3,7.2,3.0,1.0,997.0,5.1,1.3,0.5,0.4,14.4,22.8,9.5,21.4,10.9,13.6,89531.0,127612.0
94508,2020.0,189.25,-3.82,759.0,694.0,4083.0,53.9,46.1,2.5,4.4,5.5,17.1,15.6,10.3,10.6,14.6,3.4,6.5,6.9,2.0,0.6,1059.0,4.1,6.3,0.4,0.4,11.1,12.7,9.4,25.7,13.0,16.9,111750.0,145175.0
94508,2020.0,189.25,-3.82,713.0,672.0,4083.0,53.9,46.1,2.5,4.4,5.5,17.1,15.6,10.3,10.6,14.6,3.4,6.5,6.9,2.0,0.6,1059.0,4.1,6.3,0.4,0.4,11.1,12.7,9.4,25.7,13.0,16.9,111750.0,145175.0
94508,2021.0,205.97,8.83,753.0,667.0,3680.0,54.4,45.6,3.5,3.5,4.8,18.8,15.0,9.0,9.6,14.0,2.7,8.2,7.1,3.0,0.7,1017.0,4.3,6.4,0.2,5.9,9.3,8.1,10.2,30.4,10.0,15.1,111917.0,146088.0
94508,2021.0,205.97,8.83,690.0,633.0,3680.0,54.4,45.6,3.5,3.5,4.8,18.8,15.0,9.0,9.6,14.0,2.7,8.2,7.1,3.0,0.7,1017.0,4.3,6.4,0.2,5.9,9.3,8.1,10.2,30.4,10.0,15.1,111917.0,146088.0
94508,2022.0,194.67,-5.48,602.0,540.0,3406.0,53.1,46.9,3.3,3.4,4.7,18.7,15.0,8.9,10.8,12.2,2.0,7.9,7.7,4.8,0.7,988.0,2.3,1.0,7.1,2.3,7.7,11.0,6.6,31.7,14.4,15.9,113036.0,149186.0
94508,2023.0,.,,,,,,,,,,,,,,,,,,,,,,,,,,,,,,,,
95462,2017.0,222.11,10.6,889.0,784.0,1151.0,56.8,43.2,0.0,5.9,3.0,1.9,2.3,9.3,9.8,18.4,11.5,9.6,21.2,7.1,0.0,611.0,13.1,11.0,11.1,4.3,17.0,9.8,17.3,7.2,3.4,5.7,43086.0,66936.0
95462,2018.0,229.88,3.5,878.0,787.0,1265.0,52.7,47.3,0.0,6.4,6.1,1.3,2.9,10.1,8.4,17.5,8.5,9.6,22.0,6.2,0.9,622.0,8.4,11.9,15.1,4.0,12.7,9.3,20.1,9.0,3.5,5.9,45588.0,74254.0
95462,2019.0,244.18,6.22,904.0,789.0,1124.0,55.2,44.8,0.4,6.2,7.0,1.9,2.2,12.5,7.7,14.9,7.8,10.9,23.6,3.8,1.1,583.0,6.2,12.5,15.1,9.1,12.2,7.0,18.9,6.9,2.4,9.8,44261.0,79686.0
95462,2020.0,236.10,-3.31,922.0,813.0,1224.0,55.8,44.2,1.9,5.8,5.2,2.8,2.5,8.7,6.9,10.1,9.4,12.6,25.9,2.8,5.3,639.0,4.7,10.5,12.2,10.5,17.2,5.5,21.3,10.0,0.8,7.4,45417.0,68883.0
95462,2020.0,236.10,-3.31,903.0,802.0,1224.0,55.8,44.2,1.9,5.8,5.2,2.8,2.5,8.7,6.9,10.1,9.4,12.6,25.9,2.8,5.3,639.0,4.7,10.5,12.2,10.5,17.2,5.5,21.3,10.0,0.8,7.4,45417.0,68883.0
95462,2021.0,275.88,16.85,932.0,806.0,1111.0,55.2,44.8,0.7,3.7,6.4,4.2,0.9,10.5,4.9,9.2,10.6,17.9,24.1,0.5,6.3,592.0,0.0,9.5,11.3,13.7,11.0,6.3,21.1,11.5,4.4,11.3,-666666666.0,-222222222.0
95462,2021.0,275.88,16.85,909.0,792.0,1111.0,55.2,44.8,0.7,3.7,6.4,4.2,0.9,10.5,4.9,9.2,10.6,17.9,24.1,0.5,6.3,592.0,0.0,9.5,11.3,13.7,11.0,6.3,21.1,11.5,4.4,11.3,-666666666.0,-222222222.0
95462,2022.0,315.42,14.33,826.0,702.0,1091.0,52.4,47.6,0.2,1.5,4.8,6.0,1.6,6.0,8.3,8.7,11.6,18.8,25.5,0.5,6.4,575.0,0.0,3.8,7.1,15.7,14.1,5.7,9.7,17.9,5.9,20.0,87188.0,119064.0
95462,2023.0,341.70,8.33,,,,,,,,,,,,,,,,,,,,,,,,,,,,,,,
95426,2017.0,.,,804.0,706.0,1531.0,56.4,43.6,0.0,3.5,9.2,5.6,0.7,4.4,15.5,23.3,9.3,6.1,15.2,7.3,0.0,624.0,7.9,5.8,4.6,4.5,15.9,6.4,30.3,21.8,1.3,1.6,77714.0,72857.0
95426,2018.0,.,,719.0,629.0,1404.0,60.1,39.9,0.0,3.8,5.7,4.1,1.0,5.2,16.5,20.4,8.0,8.4,16.3,8.5,2.1,591.0,8.8,0.0,6.9,0.0,17.3,6.1,34.3,15.2,11.3,0.0,82219.0,83294.0
95426,2019.0,197.44,,815.0,645.0,1350.0,58.4,41.6,0.0,4.2,1.9,4.2,1.3,5.4,16.0,20.9,8.7,11.9,17.0,6.0,2.5,608.0,8.6,4.3,9.2,0.0,22.0,1.6,33.9,9.5,10.9,0.0,79667.0,77405.0
95426,2020.0,226.43,14.68,752.0,668.0,1124.0,58.9,41.1,0.0,4.8,3.2,7.8,0.2,3.1,20.5,23.3,2.4,10.7,17.7,3.8,2.5,474.0,2.3,4.6,16.9,0.0,12.7,5.7,28.9,15.6,13.3,0.0,95369.0,85975.0
95426,2020.0,226.43,14.68,788.0,703.0,1124.0,58.9,41.1,0.0,4.8,3.2,7.8,0.2,3.1,20.5,23.3,2.4,10.7,17.7,3.8,2.5,474.0,2.3,4.6,16.9,0.0,12.7,5.7,28.9,15.6,13.3,0.0,95369.0,85975.0
95426,2021.0,257.58,13.76,732.0,650.0,1362.0,59.0,41.0,2.0,5.2,1.6,7.0,0.1,2.3,15.6,18.8,9.3,14.0,17.4,4.7,1.9,644.0,1.6,7.3,16.6,0.0,11.8,13.5,1.6,30.3,8.2,9.2,74457.0,85419.0
95426,2021.0,257.58,13.76,739.0,679.0,1362.0,59.0,41.0,2.0,5.2,1.6,7.0,0.1,2.3,15.6,18.8,9.3,14.0,17.4,4.7,1.9,644.0,1.6,7.3,16.6,0.0,11.8,13.5,1.6,30.3,8.2,9.2,74457.0,85419.0
95426,2022.0,243.03,-5.65,643.0,561.0,1178.0,60.5,39.5,3.0,7.6,4.1,5.2,0.1,1.3,16.4,10.2,12.6,12.4,19.6,5.2,2.4,564.0,0.0,0.0,18.8,8.2,16.5,2.1,4.6,24.5,10.5,14.9,79904.0,95334.0
95426,2023.0,.,,,,,,,,,,,,,,,,,,,,,,,,,,,,,,,,
95452,2017.0,199.61,-2.34,673.0,625.0,1276.0,40.4,59.6,8.1,5.6,1.7,2.3,4.2,2.4,5.9,9.0,16.2,11.5,14.8,14.5,3.8,598.0,0.0,11.7,8.0,2.3,14.9,7.0,21.9,19.4,4.7,10.0,85993.0,86749.0
95452,2018.0,244.07,22.27,663.0,613.0,970.0,46.9,53.1,3.0,0.0,1.9,2.5,6.4,7.3,0.0,3.8,18.8,17.6,18.4,18.7,1.8,481.0,3.7,11.6,3.5,2.9,14.8,5.8,24.7,12.5,9.4,11.0,87961.0,91722.0
95452,2019.0,217.86,-10.74,659.0,593.0,919.0,46.6,53.4,6.2,0.0,2.1,2.5,4.1,9.0,0.0,5.0,9.6,14.8,20.1,22.6,3.9,483.0,3.7,11.6,3.3,3.5,10.8,12.0,19.0,23.8,10.8,1.4,81118.0,84451.0
95452,2020.0,220.11,1.03,664.0,601.0,740.0,41.6,58.4,0.0,0.0,0.0,1.4,0.0,7.8,0.0,8.1,5.0,18.9,32.2,22.0,4.6,447.0,3.4,15.7,2.9,2.5,0.0,13.6,13.4,31.1,10.3,7.2,92094.0,103682.0
95452,2020.0,220.11,1.03,655.0,595.0,740.0,41.6,58.4,0.0,0.0,0.0,1.4,0.0,7.8,0.0,8.1,5.0,18.9,32.2,22.0,4.6,447.0,3.4,15.7,2.9,2.5,0.0,13.6,13.4,31.1,10.3,7.2,92094.0,103682.0
95452,2021.0,224.44,1.97,685.0,612.0,1360.0,43.9,56.1,5.4,2.4,1.8,0.5,0.0,32.4,12.9,5.8,4.6,9.6,14.6,8.5,1.5,623.0,1.9,10.4,0.0,0.0,0.0,15.6,6.9,27.4,1.9,35.8,129563.0,211338.0
95452,2021.0,224.44,1.97,676.0,606.0,1360.0,43.9,56.1,5.4,2.4,1.8,0.5,0.0,32.4,12.9,5.8,4.6,9.6,14.6,8.5,1.5,623.0,1.9,10.4,0.0,0.0,0.0,15.6,6.9,27.4,1.9,35.8,129563.0,211338.0
95452,2022.0,267.22,19.06,636.0,551.0,1240.0,47.3,52.7,5.0,3.1,2.0,0.6,0.0,36.2,13.6,8.1,3.4,4.8,14.1,7.3,1.6,527.0,4.7,5.9,0.0,0.0,0.0,12.3,3.6,23.7,7.6,42.1,144904.0,250575.0
95452,2023.0,275.02,2.92,,,,,,,,,,,,,,,,,,,,,,,,,,,,,,,
95465,2017.0,216.25,10.5,602.0,554.0,2041.0,48.5,51.5,1.3,3.9,6.9,3.2,2.5,13.8,12.7,13.1,5.8,12.2,21.0,2.8,0.9,982.0,9.6,4.3,3.1,6.5,21.4,19.3,7.3,11.8,4.8,11.9,63036.0,103855.0
95465,2018.0,226.92,4.93,617.0,556.0,2104.0,49.5,50.5,1.6,3.8,5.6,1.3,1.3,13.5,11.6,13.6,5.2,13.1,23.5,5.0,0.9,1027.0,5.8,4.5,6.6,5.6,20.9,15.2,10.5,11.2,5.0,14.7,58778.0,120512.0
95465,2019.0,236.48,4.21,626.0,564.0,2244.0,49.1,50.9,2.1,4.5,7.8,1.4,0.0,13.5,12.3,12.0,4.3,12.2,23.7,5.8,0.4,1094.0,6.5,3.5,3.9,5.5,17.9,18.3,16.5,12.0,5.6,10.3,65921.0,113592.0
95465,2020.0,226.26,-4.32,643.0,576.0,1908.0,49.1,50.9,0.6,4.4,8.4,1.5,0.3,18.1,5.8,18.0,2.8,9.1,26.5,3.7,0.9,890.0,4.5,2.2,2.4,7.1,19.6,18.2,15.5,14.5,7.6,8.4,65357.0,94134.0
95465,2020.0,226.26,-4.32,627.0,566.0,1908.0,49.1,50.9,0.6,4.4,8.4,1.5,0.3,18.1,5.8,18.0,2.8,9.1,26.5,3.7,0.9,890.0,4.5,2.2,2.4,7.1,19.6,18.2,15.5,14.5,7.6,8.4,65357.0,94134.0
95465,2021.0,253.60,12.08,645.0,571.0,1316.0,45.2,54.8,1.1,4.4,7.4,1.3,0.3,14.3,8.5,11.1,4.9,6.4,33.4,5.5,1.4,603.0,2.5,1.7,1.0,10.1,11.4,20.4,19.4,15.3,4.8,13.4,79688.0,107679.0
95465,2021.0,253.60,12.08,635.0,563.0,1316.0,45.2,54.8,1.1,4.4,7.4,1.3,0.3,14.3,8.5,11.1,4.9,6.4,33.4,5.5,1.4,603.0,2.5,1.7,1.0,10.1,11.4,20.4,19.4,15.3,4.8,13.4,79688.0,107679.0
95465,2022.0,283.55,11.81,613.0,530.0,1251.0,45.5,54.5,2.5,4.7,6.6,2.0,3.4,15.3,7.1,17.5,3.8,5.3,23.2,7.6,1.0,531.0,2.4,1.9,0.8,5.6,1.5,20.2,15.6,16.8,12.4,22.8,104792.0,143540.0
95465,2023.0,.,,,,,,,,,,,,,,,,,,,,,,,,,,,,,,,,
95449,2017.0,.,,278.0,249.0,1794.0,54.6,45.4,8.1,9.4,5.4,3.4,8.2,15.0,7.0,12.2,10.1,9.2,6.7,4.6,0.7,554.0,10.5,3.1,12.1,5.2,19.1,19.0,13.7,7.2,5.8,4.3,50000.0,81172.0
95449,2018.0,.,,296.0,256.0,1656.0,55.3,44.7,8.4,11.5,4.6,2.8,6.5,19.4,6.2,10.9,10.1,7.7,8.2,3.0,0.7,508.0,11.2,4.3,14.0,6.9,14.6,15.2,17.7,9.1,1.4,5.7,46111.0,73460.0
95449,2019.0,.,,288.0,259.0,1560.0,53.7,46.3,7.4,8.7,3.0,2.5,5.1,20.0,7.1,8.3,13.7,10.9,10.8,2.3,0.2,542.0,10.0,3.9,5.4,14.6,15.3,11.3,13.8,14.2,3.7,7.9,53333.0,91040.0
95449,2020.0,.,10.42,314.0,268.0,1393.0,53.3,46.7,5.0,5.6,3.9,2.4,3.9,17.0,11.3,9.5,11.3,13.7,14.0,1.8,0.6,508.0,8.1,4.1,1.4,13.4,15.0,13.2,15.4,17.9,6.1,5.5,60192.0,99102.0
95449,2020.0,.,10.42,297.0,252.0,1393.0,53.3,46.7,5.0,5.6,3.9,2.4,3.9,17.0,11.3,9.5,11.3,13.7,14.0,1.8,0.6,508.0,8.1,4.1,1.4,13.4,15.0,13.2,15.4,17.9,6.1,5.5,60192.0,99102.0
95449,2021.0,.,9.96,343.0,282.0,1460.0,55.5,44.5,3.4,5.5,4.5,2.9,1.7,17.3,14.9,7.5,9.5,14.6,15.3,2.3,0.5,493.0,4.9,7.5,0.6,11.4,11.0,17.2,16.2,18.3,7.3,5.7,64688.0,86298.0
95449,2021.0,.,9.96,325.0,266.0,1460.0,55.5,44.5,3.4,5.5,4.5,2.9,1.7,17.3,14.9,7.5,9.5,14.6,15.3,2.3,0.5,493.0,4.9,7.5,0.6,11.4,11.0,17.2,16.2,18.3,7.3,5.7,64688.0,86298.0
95449,2022.0,.,4.08,315.0,281.0,1785.0,58.3,41.7,7.1,3.8,6.3,1.7,5.4,16.6,17.9,6.4,7.1,10.5,14.2,2.5,0.4,587.0,8.3,3.7,2.7,9.7,8.5,24.2,16.9,15.0,4.4,6.5,61576.0,81652.0
95449,2023.0,.,,,,,,,,,,,,,,,,,,,,,,,,,,,,,,,,
95937,,,,,,,,,,,,,,,,,,,,,,,,,,,,,,,,,,
95444,2017.0,.,-1.3,251.0,240.0,769.0,39.5,60.5,7.4,4.0,1.6,3.4,0.0,19.6,7.0,29.9,6.2,11.8,9.0,0.0,0.0,266.0,3.8,6.4,6.4,0.0,26.7,28.6,12.4,6.4,5.3,4.1,59000.0,69328.0
95444,2018.0,.,7.4,253.0,230.0,715.0,31.0,69.0,8.1,10.6,2.2,5.0,0.0,18.9,6.6,24.9,6.9,4.2,12.6,0.0,0.0,244.0,5.7,7.0,7.4,0.0,15.2,39.8,14.8,0.0,5.3,4.9,62685.0,70224.0
95444,2019.0,.,4.96,263.0,239.0,705.0,37.2,62.8,6.2,5.0,0.0,2.7,3.8,27.1,4.8,26.2,5.4,6.2,12.5,0.0,0.0,214.0,0.0,9.3,8.4,0.0,8.4,41.1,7.9,0.0,16.4,8.4,64028.0,93211.0
95444,2020.0,.,-0.85,285.0,254.0,357.0,26.3,73.7,3.4,4.2,0.0,0.6,0.6,11.2,6.7,37.3,4.5,0.6,31.1,0.0,0.0,168.0,0.0,9.5,13.7,0.0,10.1,36.9,23.2,0.0,6.5,0.0,63396.0,62990.0
95444,2020.0,.,-0.85,274.0,243.0,357.0,26.3,73.7,3.4,4.2,0.0,0.6,0.6,11.2,6.7,37.3,4.5,0.6,31.1,0.0,0.0,168.0,0.0,9.5,13.7,0.0,10.1,36.9,23.2,0.0,6.5,0.0,63396.0,62990.0
95444,2021.0,.,10.27,286.0,257.0,559.0,25.2,74.8,3.8,9.8,2.5,2.0,2.3,2.5,5.0,29.2,2.1,12.3,28.4,0.0,0.0,219.0,0.0,0.0,9.1,0.0,8.7,20.5,19.6,9.6,11.9,20.5,86483.0,132181.0
95444,2021.0,.,10.27,274.0,246.0,559.0,25.2,74.8,3.8,9.8,2.5,2.0,2.3,2.5,5.0,29.2,2.1,12.3,28.4,0.0,0.0,219.0,0.0,0.0,9.1,0.0,8.7,20.5,19.6,9.6,11.9,20.5,86483.0,132181.0
95444,2022.0,.,6.02,274.0,247.0,516.0,33.7,66.3,1.7,3.7,2.3,4.5,4.8,4.3,0.0,16.9,17.8,18.8,24.0,1.2,0.0,215.0,2.8,0.0,0.0,0.0,9.3,7.0,28.8,2.3,8.8,40.9,-666666666.0,-222222222.0
95444,2023.0,.,,,,,,,,,,,,,,,,,,,,,,,,,,,,,,,,
95419,2017.0,208.20,26.21,248.0,228.0,,,,,,,,,,,,,,,,,,,,,,,,,,,,,
95419,2018.0,206.37,-0.88,241.0,223.0,,,,,,,,,,,,,,,,,,,,,,,,,,,,,
95419,2019.0,241.60,17.07,269.0,224.0,,,,,,,,,,,,,,,,,,,,,,,,,,,,,
95419,2020.0,212.99,-11.84,255.0,223.0,,,,,,,,,,,,,,,,,,,,,,,,,,,,,
95419,2020.0,212.99,-11.84,280.0,247.0,,,,,,,,,,,,,,,,,,,,,,,,,,,,,
95419,2021.0,244.05,14.58,276.0,214.0,213.0,81.2,18.8,0.0,0.0,0.0,8.0,0.0,0.0,0.0,15.5,5.6,29.6,29.6,11.7,0.0,162.0,17.3,0.0,0.0,15.4,20.4,0.0,29.0,0.0,0.0,17.9,-666666666.0,-222222222.0
95419,2021.0,244.05,14.58,289.0,232.0,213.0,81.2,18.8,0.0,0.0,0.0,8.0,0.0,0.0,0.0,15.5,5.6,29.6,29.6,11.7,0.0,162.0,17.3,0.0,0.0,15.4,20.4,0.0,29.0,0.0,0.0,17.9,-666666666.0,-222222222.0
95419,2022.0,.,,278.0,221.0,169.0,93.5,6.5,0.0,0.0,0.0,8.3,0.0,0.0,10.7,17.2,6.5,29.0,15.4,13.0,0.0,131.0,13.7,0.0,0.0,16.8,22.1,0.0,8.4,19.8,0.0,19.1,-666666666.0,-222222222.0
95419,2023.0,368.05,,,,,,,,,,,,,,,,,,,,,,,,,,,,,,,,
95979,,,,,,,,,,,,,,,,,,,,,,,,,,,,,,,,,,
95439,2017.0,196.52,13.58,170.0,157.0,725.0,62.1,37.9,5.7,13.9,1.1,3.9,3.2,20.6,7.7,13.9,3.0,6.8,10.9,4.4,5.0,240.0,0.0,15.8,4.2,0.0,14.2,20.4,13.3,15.0,5.8,11.3,59141.0,89450.0
95439,2018.0,.,,178.0,160.0,774.0,61.0,39.0,0.9,15.9,12.4,3.6,3.2,10.2,17.8,8.5,3.0,1.8,13.8,3.6,5.2,232.0,0.0,16.8,5.6,0.0,9.9,35.8,2.6,4.7,6.5,18.1,52500.0,91173.0
95439,2019.0,213.48,,173.0,163.0,728.0,57.1,42.9,0.0,14.8,12.1,2.9,2.7,3.2,17.2,7.1,10.4,2.1,9.1,14.0,4.4,220.0,9.1,16.4,0.0,5.9,10.5,17.3,2.7,16.4,6.8,15.0,-666666666.0,-222222222.0
95439,2020.0,212.48,-0.47,215.0,199.0,444.0,58.3,41.7,7.2,11.7,15.5,0.0,4.1,0.0,24.8,5.2,5.6,0.0,12.2,13.7,0.0,132.0,12.9,8.3,0.0,9.1,5.3,23.5,2.3,6.8,14.4,17.4,-666666666.0,-222222222.0
95439,2020.0,212.48,-0.47,180.0,164.0,444.0,58.3,41.7,7.2,11.7,15.5,0.0,4.1,0.0,24.8,5.2,5.6,0.0,12.2,13.7,0.0,132.0,12.9,8.3,0.0,9.1,5.3,23.5,2.3,6.8,14.4,17.4,-666666666.0,-222222222.0
95439,2021.0,225.67,6.21,217.0,203.0,510.0,58.0,42.0,6.1,6.5,12.9,0.0,0.0,0.0,19.4,0.0,22.2,1.6,12.5,18.8,0.0,169.0,8.3,5.9,0.0,0.0,10.7,17.2,0.0,30.8,21.9,5.3,126406.0,106445.0
95439,2021.0,225.67,6.21,184.0,171.0,510.0,58.0,42.0,6.1,6.5,12.9,0.0,0.0,0.0,19.4,0.0,22.2,1.6,12.5,18.8,0.0,169.0,8.3,5.9,0.0,0.0,10.7,17.2,0.0,30.8,21.9,5.3,126406.0,106445.0
95439,2022.0,.,,183.0,169.0,782.0,50.0,50.0,3.8,6.8,11.5,0.0,0.0,0.0,24.3,2.6,18.3,0.0,16.0,16.8,0.0,266.0,5.6,0.0,3.4,0.0,15.0,10.5,0.0,11.3,34.2,19.9,158125.0,135248.0
95439,2023.0,.,,,,,,,,,,,,,,,,,,,,,,,,,,,,,,,,
95471,,,,,,,,,,,,,,,,,,,,,,,,,,,,,,,,,,
95424,,,,,,,,,,,,,,,,,,,,,,,,,,,,,,,,,,
95653,,,,,,,,,,,,,,,,,,,,,,,,,,,,,,,,,,
95412,,,,,,,,,,,,,,,,,,,,,,,,,,,,,,,,,,
94576,,,,,,,,,,,,,,,,,,,,,,,,,,,,,,,,,,
95430,,,,,,,,,,,,,,,,,,,,,,,,,,,,,,,,,,
95625,,,,,,,,,,,,,,,,,,,,,,,,,,,,,,,,,,
95486,,,,,,,,,,,,,,,,,,,,,,,,,,,,,,,,,,
95697,,,,,,,,,,,,,,,,,,,,,,,,,,,,,,,,,,
94573,,,,,,,,,,,,,,,,,,,,,,,,,,,,,,,,,,
95698,,,,,,,,,,,,,,,,,,,,,,,,,,,,,,,,,,
95433,,,,,,,,,,,,,,,,,,,,,,,,,,,,,,,,,,
94562,,,,,,,,,,,,,,,,,,,,,,,,,,,,,,,,,,
94512,,,,,,,,,,,,,,,,,,,,,,,,,,,,,,,,,,
95416,,,,,,,,,,,,,,,,,,,,,,,,,,,,,,,,,,
